Key,English,Japanese,SChinese

# This file is for mod translation
# Lines with "#" as the first character are not recognized
# A one-byte comma "," may not be used except for delimitation.
# So, please use a full-width comma "，".

# このファイルはmodの翻訳をするためのファイルです
# 最初の文字が「#」の行は認識されません
# また、半角のカンマ「,」を用いることはできません。
# 代わりに「，」を使用してください。

# 这个文件是用来翻译mod的
# 带有第一个字符 "#" 的行不会被识别
# 一个字节的逗号", "不得使用，只能用作分隔符。
# 使用全角逗号"，"作为代替。


# Main
rolemodname,SuperNewRoles,SuperNewRoles,SuperNewRoles
StartLogText,Create By ykundesu\nThank You Play SuperNewRoles,作成:ykundesu\nSuperNewRolesをプレイしてくれてありがとうございます!!!!,模组作者：ykundesu\n感谢游玩本模组！
second,Second,秒,秒
announcementUpdateMae,<size=125%><color=#ffa500>Super</color><color=#ff0000>New</color><color=#00ff00>Roles</color> NewData</size>\nVersion:{0}\n{1},<size=200%><color=#ffa500>Super</color><color=#ff0000>New</color><color=#00ff00>Roles</color>の最新情報</size>\n<size=150%>バージョン:{0}</size>\n{1},<size=200%><color=#ffa500>Super</color><color=#ff0000>New</color><color=#00ff00>Roles</color>的最新信息</size>\n<size=150%>版本:{0}</size>\n{1}
announcementUpdateTitle,<size=125%><color=#ffa500>Super</color><color=#ff0000>New</color><color=#00ff00>Roles</color> Update v{0},<size=125%><color=#ffa500>Super</color><color=#ff0000>New</color><color=#ff0000>New</color><color=#00ff00>Roles</color> v{0}
GameCommonTasks,Common Tasks,通常タスク,普通任务
GameShortTasks,Short Tasks,ショートタスク,长任务
GameLongTasks,Long Tasks,ロングタスク,短任务
Hat_SNR,<color=#ffa500>Super</color><color=#ff0000>New</color><color=#00ff00>Roles</color>Hats,<color=#ffa500>Super</color><color=#ff0000>New</color><color=#00ff00>Roles</color>Hats,<color=#ffa500>Super</color><color=#ff0000>New</color><color=#00ff00>Roles</color>帽
creditsMain,Create By ykundesu,Create By ykundesu,模组作者：ykundesu
creditsFull,Create By ykundesu,Create By ykundesu,模组作者：ykundesu
creditsVersion,SuperNewRoles v{0},SuperNewRoles v{0},SuperNewRoles v{0}
vanillaOptionsText,VanillaOptions,バニラの設定,原版设置
creditsUpdateOk,There is updated data. Please reboot. Latest Version:v{0},更新データがあります。再起動してください。最新バージョン:v{0},发现新版本。 请重新启动。 最新版本:v{0}
modOptionsText,Options,設定,设置
moreOptionsText,Normal Setting&<color=#ffa500>Super</color><color=#ff0000>New</color><color=#00ff00>Roles</color> Settings,通常設定&<color=#ffa500>Super</color><color=#ff0000>New</color><color=#00ff00>Roles</color>の設定,一般设置与&<color=#ffa500>Super</color><color=#ff0000>New</color><color=#00ff00>Roles</color>设置
HaisonName,Called Game,廃村,解散游戏
Developer,Developer,開発者,开发者
Sponsor,Sponsor,スポンサー,支持者
Translator,Translator,翻訳,翻译
DevAndSpnTitle,Developer & Sponsor,開発者&支援者,开发者与支持者
Analytics,Analytics,解析,解析
AnalyticsText,In order to make SuperNewRoles an even better mod， we have created a function to send information about positions used to the server. \nThis information can be viewed by SuperNewRoles developers. See the following page for more information. \nYou can change in the settings whether you want to save the information. \nNo personally identifiable elements， such as your player name， will be sent. \n<link href="https://github.com/ykundesu/SuperNewRoles/wiki/解析について">https://github.com/ykundesu/SuperNewRoles/wiki/解析について</link>,SuperNewRolesをさらに良いMODにするため、\n使用した役職などをサーバーに送信する機能を作りました。\nこの情報はSuperNewRolesの開発者が見ることができます。詳細は以下のページを参照してください。\n保存するかは設定で変更できます。\nあなたのプレイヤー名などの個人を特定できる要素は送信しません。\n<link href="https://github.com/ykundesu/SuperNewRoles/wiki/解析について">https://github.com/ykundesu/SuperNewRoles/wiki/解析について</link>,为了改善模组玩家的游戏体验，\n制作组尝试推出将一局游戏中的职业等信息发送给制作组服务器的功能。\n制作组将查阅这些信息来改进本模组；详细可点击最下方网址查看。\n您可以决定自己是否要保留这些信息；\n制作组承诺不会将您的游戏昵称等私人信息发送至服务器。\n<link href="https://github.com/ykundesu/SuperNewRoles/wiki/解析について">https://github.com/ykundesu/SuperNewRoles/wiki/解析について</link>
AnalyticsOK,OK!,了解！,确认

# CustomColors
colorSalmon,Salmon,サーモン,鲑鱼红
colorBordeaux,Bordeaux,ボルドー,枣红
colorOlive,Olive,オリーブ,橄榄绿
colorTurqoise,Turqoise,ターコイズ,绿松石
colorMint,Mint,ミント,薄荷绿
colorLavender,Lavender,ラベンダー,薰衣紫
colorNougat,Nougat,ヌガー,棕褐
colorPeach,Peach,ピーチ,桃红
colorWasabi,Wasabi,ワサビ,芥末绿
colorHotPink,Hot Pink,ホットピンク,热粉
colorPetrol,Petrol Blue,ペトロールブルー,油画蓝
colorLemon,Lemon,檸檬,柠檬黄
colorSignalOrange,Signal Orange,シグナルオレンジ,信号橙
colorTeal,Teal,ティール,蓝绿
colorBlurple,Blurple,ブラープル,蓝紫
colorSunrise,Sunrise,サンライズ,日出红
colorIce,Ice,アイス,冰蓝
colorPitchBlack,Pitch Black,真っ黒,纯黑
colorDarkmagenta,Dark Magenta,ダークマゼンタ,深品红
colorMintcream,Mint Cream,ミントクリーム,奶油白
colorLeaf,Leaf,若葉,叶绿
colorEmerald,Emerald,エメラルド,翡翠
colorBrightyellow,Bright yellow,山吹,嫩黄
colorDarkaqua,Dark aqua,濃い水色,湖绿
colorMatcha,Matcha,抹茶,抹茶
colorPitchwhite,Pitch white,真っ白,纯白
colorDarksky,Dark sky,雨空,乌云
colorIntenseblue,Intense blue,インスタントブルー,墨蓝
colorBlueclosertoblack,Blue closer to black,黒寄りの青,黑蓝
colorSunkengreenishblue,Sunken greenish blue,沈んだ緑みの青,绿蓝
colorAzi,Azi,アジ,竹荚鱼
colorPitchred,Pitch red,真っ赤,纯红
colorPitchblue,Pitch blue,真っ青,纯蓝
colorPitchgreen,Pitch green,真っ緑,纯绿
colorPitchyellow,Pitch yellow,真っ黄色,纯黄
colorBackblue,Back blue,影青,天蓝
colorMildpurple,Mild purple,穏やかな紫,淡紫
colorAshishreddishpurplecolor,Ashish reddish purple color,灰みの赤紫系の色,灰红
colorMelon,Melon,メロン,瓜绿
colorCrasyublue,Crasyu Blue,クラッシュブルー,深海蓝
colorLightgreen,Light Green,ライトグリーン,浅绿
colorAzuki,Azuki,小豆,红豆
colorSnow,Snow,雪,雪白
colorLightMagenta,LightMagenta,ライトマゼンタ,浅品红
colorPeachFlower,PeachFlower,桃花,桃红
colorPlum,Plum,梅,梅红
colorSkyBlue,SkyBlue,青空,天蓝
colorLightCyan,LightCyan,ライトシアン,浅青
colorLightOrange,LightOrange,ライトオレンジ,浅橙
colorSprout,Sprout,新芽,芽绿
colorNega,Nega,ネガ,负片滤镜
colorGold,Gold,金色,金黄
colorWineRed,WineRed,ワインレッド,酒红
colorCrazyRed,CrazyRed,クレイジーレッド,大红
colorTokiwaGreen,TokiwaGreen,常磐緑,常青绿
colorPosi,Posi,ポジ,正片滤镜
colorXmasRed,X'masRed,クリスマスレッド,圣诞红
colorXmasGreen,X'masGreen,クリスマスグリーン,圣诞绿
colorCyberRed,CyberRed,サイバーレッド,赛博红
colorCyberYellow,CyberYellow,サイバーイエロー,赛博黄
colorCyberGreen,CyberGreen,サイバーグリーン,赛博绿
colorCyberBlue,CyberBlue,サイバーブルー,赛博蓝
colorCyberPurple,CyberPurple,サイバーパープル,赛博紫

LightColor,bright,明るい,亮
DarkerColor,darker,暗い,暗

# CustomOptions
MapCustom,Map Custom,マップ改造,地图设置
SecretRoom,(Airship)Secret Room,(エアーシップ)シークレットルーム,空艇：机密室
enableMirroMap,enable MirroMap,反転マップを有効にする,启用镜像地图
SettingpresetSelection,Preset,プリセット,预设
SettingSuperNewRoles,<color=#ffa500> S u p e r </color><color=#ff0000>N e w </color><color=#00ff00>R o l e s</color> Settings,<color=#ffa500> S u p e r </color><color=#ff0000>N e w</color><color=#00ff00> R o l e s </color>の設定,<color=#ffa500> S u p e r </color><color=#ff0000>N e w</color><color=#00ff00> R o l e s </color>设置
SettingImpostor,<color=#ff0000>Impostor</color> Settings,<color=#ff0000>インポスター</color>の設定,<color=#ff0000>内鬼阵营</color>设置
SettingNeutral,<color=#808080>Neutral</color> Settings,<color=#808080>第三陣営</color>の設定,<color=#808080>独立阵营</color>设置
SettingCrewmate,<color=#a9ceec>Crewmate</color> Settings,<color=#00ffff>クルーメイト</color>の設定,<color=#00ffff>船员阵营</color>设置
SettingRegulation,Regulation Settings,レギュレーション設定,常规设置
SettingMiniCrewRole,Minimum Crewmate Roles,最小クルーメイト役職数,船员阵营最小职业数
SettingMaxCrewRole,Maximum Crewmate Roles,クルーメイト役職人数,船员阵营最大职业数
SettingMiniCrewGhostRole,Minimum Crewmate Ghost Roles,最小クルーメイト幽霊役職数,船员阵营最小亡灵职业数
SettingMaxCrewGhostRole,Maximum Crewmate Ghost Roles,クルーメイト幽霊役職人数,船员阵营最大亡灵职业数
SettingMiniNeutralRole,Minimum Neutral Roles,最小第三陣営役職数,独立阵营最小职业数
SettingMaxNeutralRole,Maximum Neutral Roles,第三陣営役職人数,独立阵营最大职业数
SettingMiniNeutralGhostRole,Minimum Neutral Ghost Roles,最小第三陣営幽霊役職数,独立阵营最小亡灵职业数
SettingMaxNeutralGhostRole,Maximum Neutral Ghost Roles,第三陣営幽霊役職人数,独立阵营最大亡灵职业数
SettingMiniImpoRole,Minimum Impostor Roles,最小インポスター役職数,内鬼阵营最小职业数
SettingMaxImpoRole,Maximum Impostor Roles,インポスター役職人数,内鬼阵营最大职业数
SettingMiniImpoGhostRole,Minimum Impostor Ghost Roles,最小インポスター幽霊役職数,内鬼阵营最小亡灵职业数
SettingMaxImpoGhostRole,Maximum Impostor GhostRoles,インポスター幽霊役職人数,内鬼阵营最大亡灵职业数
SettingsHideSetting,Hide Setting,設定を隠す,隐藏房间设置
SettingCrewmateTeamRolesName,Position setting of crewmate camp,クルーメイト陣営の役職設定,船员阵营职业设置
SettingImpostorTeamRolesName,Impostor camp position setting,インポスター陣営の役職設定,内鬼阵营职业设置
Setting,Setting up positions in the third camp,第三陣営の役職設定,独立阵营职业设置
SettingAllOkRolesName,Setting up multiple positions,複数役職の設定,附加职业设置
Settingsonota,Other settings,その他の設定,其他设置
optionOn,<color=#03ff0c>On</color>,<color=#03ff0c>オン</color>,<color=#03ff0c>开启</color>
optionOff,<color=#f22f21>Off</color>,<color=#f22f21>オフ</color>,<color=#f22f21>关闭</color>
preset,Preset,プリセット,预设
unitSeconds,Seconds,秒,秒
SettingPlayerCountName,Role Player,人数,人数
CustomStremerMode,Hide Server Url,サーバーURLを非表示にする,直播模式
CustomAutoUpdate,Auto Update,自動アップデート,自动更新
CustomAutoCopyGameCode,Game Code Auto Copy,ゲームコードを自動でコピーする,自动复制房间代码
CustomProcessDown,Update Process Down,処理回数を減らす,更新进程已关闭
CustomIsVersionErrorView,Show players Errors.,エラーを表示する,显示错误
CustomHideTaskArrows,Hide Tasks Arrows,タスクの矢印を非表示にする,隐藏任务指向箭头
IsSendAnalytics,Send Analytics,解析を送信する
SettingCrewmateRoles,Crewmate Setting,クルーメイトの人数設定,船员阵营职业设置
SettingCrewmateGhostRoles,Crewmate GhostRole Setting,クルーメイトの幽霊役職の人数設定,船员阵营幽灵职业设置
SettingNeutralRoles,Neutral Setting,第三陣営の人数設定,独立阵营职业设置
SettingNeutralGhostRoles,Neutral GhostRole Setting,第三陣営の幽霊役職の人数設定,独立阵营幽灵职业设置
SettingImpostorRoles,Impostor Setting,インポスターの人数設定,内鬼阵营职业设置
SettingImpostorGhostRoles,Impostor GhostRole Setting,インポスターの幽霊役職の人数設定,内鬼阵营幽灵职业设置
SettingOptionOn,On,オン,开启
SettingOptionOff,Off,オフ,关闭
SettingPressTabForMore,Press Tab For More,Tabを押して詳細を表示,按Tab键查看更多...
ErrorHostNoVersion,Your host does not have <color=#ffa500>Super</color><color=#ff0000>New</color><color=#00ff00>Roles</color>.,ホストに<color=#ffa500>Super</color><color=#ff0000>New</color><color=#00ff00>Roles</color>が導入されておりません。,房主没有安装<color=#ffa500>Super</color><color=#ff0000>New</color><color=#00ff00>Roles</color>模组
ErrorHostChangeVersion,The host has a different version of <color=#ffa500>Super</color><color=#ff0000>New</color><color=#00ff00>Roles</color>.,ホストが使用している<color=#ffa500>Super</color><color=#ff0000>New</color><color=#00ff00>Roles</color>のバージョンと異なります。,房主安装的<color=#ffa500>Super</color><color=#ff0000>New</color><color=#00ff00>Roles</color>模组版本不同
ErrorHostGuidMatches,The host uses a different <color=#ffa500>Super</color><color=#ff0000>New</color><color=#00ff00>Roles</color> dll file.,ホストが使用している<color=#ffa500>Super</color><color=#ff0000>New</color><color=#00ff00>Roles</color>のdllファイルと異なります。,房主的<color=#ffa500>Super</color><color=#ff0000>New</color><color=#00ff00>Roles</color>dll文件不同
ErrorClientNoVersion,You don't have <color=#ffa500>Super</color><color=#ff0000>New</color><color=#00ff00>Roles</color> in {0}.,{0}に<color=#ffa500>Super</color><color=#ff0000>New</color><color=#00ff00>Roles</color>が導入されておりません。,{0}未安装<color=#ffa500>Super</color><color=#ff0000>New</color><color=#00ff00>Roles</color>模组
ErrorClientChangeVersion,The version of <color=#ffa500>Super</color><color=#ff0000>New</color><color=#00ff00>Roles</color> in {0} is wrong.,{0}が使用している<color=#ffa500>Super</color><color=#ff0000>New</color><color=#00ff00>Roles</color>のバージョンが異なります。,{0}安装的<color=#ffa500>Super</color><color=#ff0000>New</color><color=#00ff00>Roles</color>模组版本不同
ErrorClientGuidMatches,{0} uses a different <color=#ffa500>Super</color><color=#ff0000>New</color><color=#00ff00>Roles</color> dll file.,{0}が使用している<color=#ffa500>Super</color><color=#ff0000>New</color><color=#00ff00>Roles</color>のdllファイルが異なります。,{0}的<color=#ffa500>Super</color><color=#ff0000>New</color><color=#00ff00>Roles</color>dll文件不同
ErrorClientCanNotPley,,ゲストのMod導入状態に問題がある為、開始できません。\n同verの<color=#ffa500>SNR</color>を導入してもらう、HostModeに変更する等対応をお願いします。,由于有玩家模组导入出现问题，游戏无法开始。\n请尝试重新导入该版本的模组文件、改变模式等方法。
KickReasonHostNoVersion,The host has no or a different version of <color=#ffa500>SNR</color>\nYou will be kicked in {0}s,ホストが<color=#ffa500>SNR</color>を導入していない、又はバージョンが違う為、\nあと{0}秒でキックされます。,房主没有安装<color=#ffa500>Super</color><color=#ff0000>New</color><color=#00ff00>Roles</color>模组或模组版本不同\n您将在{0}秒内被踢出
IsSpecialModeOnAndVanillaKickOff,If <color=#2792c3>[Kick non-PCs]</color> is disabled， the\nmap will be selected for <color=#cd5c5c>MiraHQ</color>.\nIf you want to use<color=#a67646>Agartha</color>\nEnable <color=#2792c3>[Kick non-PCs]</color>.,<color=#2792c3>「PC以外をキックする」</color>が無効である場合、\nマップは<color=#cd5c5c>MiraHQ</color>に選択されます。\n<color=#a67646>Agartha</color>を使用したい場合は、\n<color=#2792c3>「PC以外をキックする」</color>を有効にしてください。,如果 “<color=#2792c3>踢出非电脑端玩家</color>”设置为否，\n地图将变为<color=#cd5c5c>米拉总部</color>。\n要启用<color=#a67646>雅各泰</color>地图，\n需要将“<color=#2792c3>踢出非电脑端玩家</color>”选项设置为是。
RamdomMapSetting,RandomMap,ランダムマップ,随机地图
RMSkeldSetting,Skeld,スケルドが有効,可随机游玩骷髅舰(Skeld)
RMMiraSetting,Mira,ミラが有効,可随机游玩米拉总部(Mira)
RMPolusSetting,Polus,ポーラスが有効,可随机游玩波鲁斯(Polus)
RMAirshipSetting,AirShip,エアーシップが有効,可随机游玩飞艇(AirShip)
ADMINButton,ADMIN,アドミン,地图
timeRemaining,Remaining: {0},残り{0},剩余：{0}秒
restrictOutOfTime,Time up,時間切れ,超时
RestrictDevicesSetting,Device Restrictions,機器の制限,设备限制
RestrictAdminSetting,Admin Restrictions,アドミンの制限,管理地图限制
RestrictCameraSetting,Camera Restrictions,カメラの制限,监控限制
RestrictVitalSetting,Vital Restrictions,バイタルの制限,生命监测装置限制
DeviceTimeSetting,Can use time,使用可能時間,飞船设备最大可使用时间
IsYkundesuBeplnExSetting,ykundesuBeplnEx,ykundesuBeplnEx,启用ykundesuBeplnEx
restrictOutOfTimeVerYkundesuBeplnEx,ykundesuBeplnEx IS! VERY! VERY DELICIOUSSSSS!!!!!，isn't it?,ﾖｯｷﾝｸﾞﾍﾞｯﾋﾟﾝｲｰｴｯｸｽおいしい,关注B站@心音糖果_Tingo谢谢喵！
ReactorDurationSetting,Reactor Duration Time,リアクター継続時間の設定,自定义核反应堆紧急破坏持续时间
PolusReactorTime,Polus Reactor Duration Time,ポーラスでのリアクター時間,波鲁斯(Polus)抗震器紧急破坏持续时间
MiraReactorTime,Mira Reactor Duration Time,ミラでのリアクター時間,米拉总部(Mira)核反应堆紧急破坏持续时间
AirshipReactorTime,Airship  Reactor Duration Time,エアーシップでのリアクター時間,飞艇(AirShip)撞毁路线紧急破坏持续时间
VentMakerButtonName,Make Vent,設置,制造管道口
AddVitalsMiraSetting,Adding vitals to Mira,Miraにバイタルを追加する,米拉总部(Mira)：追加生命监测装置
VentAnimation,No Vent Animation,ベントアニメーション無効化,取消管道口动画
MapRemodelingOptionSetting,Map Remodeling,マップ改造,地图改造
AirShipAdditionalVents,AirShipAdditionalVents,エアーシップにベントを追加する,飞艇(AirShip)：增加管道
PolusAdditionalVents,PolusAdditionalVents,ポーラスにベントを追加する,波鲁斯(Polus)：增加管道
MiraAdditionalVents,MiraAdditionalVents,ミラにベントを追加する,米拉总部(Mira)：增加管道
Zoomafterdeath,Zoom function after death,死後のズーム機能,死亡玩家功能设定
mousemode,Mouse wheel Mode,マウスホイールモード,鼠标滚轮模式
clairvoyantmode,ClairvoyantMode,千里眼モード,千里眼模式
clairvoyantCoolTime,ClairvoyantCoolTime,千里眼のクールダウン,千里眼冷却时间
clairvoyantDurationTime,ClairvoyantDurationTime,千里眼の継続時間,千里眼持续时间
ClairvoyantButtonName,Clairvoyant!,千里眼,千里眼
LadderDead,Ladder Death,転落死,从梯子上下滑可能摔死
LadderDeadChance,Ladder Death Chance,転落死する確率,摔死的概率
MoveElecPadSetting,Move the switchboard.,配電盤を移動する,更改配电板位置
AirshipDisableMovingPlatformSetting,Disable Moving Platform,昇降機のリフトを無効化する,禁用移动平台
AddWireTaskSetting,Add Wire Task,配線タスクを追加する,追加修复配线任务
RandomSpawnOption,Random Spawn,ランダムスポーン,启用随机出生点
IsAlwaysReduceCooldown,Reduce Cooldown,常にキルクールタイムが進む,击杀冷却不会以任何原因停止计算
IsAlwaysReduceCooldownExceptInVent,Reduce Cooldown Except InVent,ベント内でも進む,击杀冷却会在进入管道期间停止计算
IsAlwaysReduceCooldownExceptOnTask,Reduce Cooldown Except OnTask,停電修理中でも進む,击杀冷却会在修理紧急任务时停止计算
IsChangeTheWinCondition,Change the win condition,勝利条件を変更する,胜利条件变更
DisconnectNotPC,Kick non-PCs.,PC以外をキックする,踢出非电脑端玩家
WireTaskIsRandom,Wire task random,配線タスクランダム,随机分配修复配线的任务地点
WireTaskNum,Wire task num,配線タスク数,修复配线任务总数
IsSNROnlySearch,SNR Room Filter,SNRルームフィルター,筛选SNR房间
RestrictDevicesOption,Restrict Devices Option,機器の時間制限,飞船设备使用时间限制
RestrictAdmin,Restrict Admin,アドミンの時間制限,管理地图使用时间限制
RestrictVital,Restrict Vital,バイタルの時間制限,生命监测装置使用时间限制
RestrictCamera,Restrict Camera,カメラの時間制限,监控使用时间限制
CanGhostSeeRole,After death，everyone's role can be confirmed.,死亡者が全員の役職を確認できる,死亡玩家能确认所有玩家的职业
CanGhostSeeVote,After death，everyone's voting address can be confirmed.,死亡者が全員の投票先を確認できる,死亡玩家能确认所有玩家的职业
OnlyImpostorGhostSeeRole,,死亡しているインポスターのみが全員の役職を確認できる,只有死亡的内鬼阵营玩家可以确认所有玩家的职业
AntiTaskOverWallSetting,Cannot tasks over the wall.,壁越しにタスクをできない,禁止隔墙做任务
ShuffleElectricalDoorsSetting,Shuffle electrical doors after meeting,会議後に電気室のドアをシャッフルする,飞艇地图配电室门的开关在会议后重新分配

# Modes
ModeSetting,Mode Setting,モード設定,模式设置
SettingMode,Mode,モード,游戏模式
SettingHideAndSeekMode,Hide And Seek Mode,かくれんぼモードの設定,躲猫猫模式设置
SettingBattleRoyalMode,Battle Royal Mode,バトルロイヤルモードの設定,大逃杀模式设置
SettingSuperHostRolesMode,Super Host Roles Mode,SuperHostRolesの設定,SuperHostRoles设置
SettingZombieMode,Zombie Mode,ゾンビモードの設定,生化危机模式设置
SettingRandomColorMode,Random Color Mode,ランダムカラーモードの設定,随机颜色模式设置
SettingDetectiveMode,Detective Mode,探偵モードの設定,侦探模式设置
HideAndSeekModeName,Hide And Seek,かくれんぼ,躲猫猫
BattleRoyalModeName,Battle Royal,バトルロイヤル,大逃杀
SuperHostRolesModeName,Super Host Roles,SuperHostRoles,Super Host Roles
ZombieModeName,Zombie Mode,ゾンビモード,生化危机
RandomColorModeName,Random Color Mode,ランダムカラー,随机颜色模式
NotImpostorCheckModeName,Not Impostor Check Mode,インポスター視認不能モード,双盲内鬼模式
CopsRobbersModeName,CopsRobbers,ケイドロ,警察抓小偷
CopsRobbersModeCrewName,Thief,泥棒,小偷
CopsRobbersModeCrewTitle1,Finish the task and win without getting caught by the police!,警察に捕まらないようにタスクを終わらせて勝利しよう,在不被警察抓到的前提下完成任务获得胜利
CopsRobbersModeImpostorName,Police,警察,警察
CopsRobbersModeImpostorTitle1,Catch all the thieves and win!,泥棒を全員捕まえて勝利しよう,逮捕所有小偷获得胜利
DetectiveModeName,Detective Mode,探偵モード,侦探模式
DetectiveModeIsWinNotCheckSetting,Not include the detective in the win condition determination.,探偵を勝利条件判定に入れない,侦探不计入胜利条件判定
DetectiveModeIsNotTaskSetting,No tasks for detective,探偵にタスクがない,侦探没有任务
DetectiveModeIsNotDetectiveVoteSetting,Non-Detective cannot vote,探偵以外は投票できない,侦探以外的玩家不可以投票
DetectiveModeIsNotDetectiveMeetingButtonSetting,Non-Detective cannot press the conference button,探偵以外が会議ボタンを押せない,侦探以外的玩家不可以召开紧急会议
DetectiveName,Detective,探偵,侦探
DetectiveTitle1,Guess and win over your crewmates!,推理してクルーメイトを勝利させよう,通过推理帮助船员获胜
BattleRoyalIsViewAlivePlayer,You can see how many player are left alive.,残り生存人数がわかる,所有玩家可见存活玩家数
BattleRoyalIsTeamBattle,Team competition,チーム戦,启用团队赛
BattleRoyalTeamAmount,Number of teams,チーム数,团队数
BattleRoyalStartSeconds,Seconds to be able to make a kill,キルができるようになるまでの秒数,从游戏开始到玩家可击杀经过的时间
ZombieZombieName,Zombie,ゾンビ,僵尸
ZombieZombieTitle1,Infect other players!,他のプレイヤーを感染させよう,感染他人获得胜利
ZombiePoliceName,Police,警察,人类
ZombiePoliceTitle1,Let's finish the task.,タスクを終わらせて勝利しよう,完成任务获得胜利
ZombieTimerText,Zombies incoming! {0}s,ゾンビがやってくるまで残り{0}秒！,僵尸将在{0}秒后出现
ZombieStartSecondSetting,Time until the zombies come.,ゾンビがやってくるまでの時間,僵尸出现倒计时
ZombieZombieLightSetting,Zombie Visibility,ゾンビの視界,僵尸视野
ZombieZombieSpeedSetting,Zombie Speed,ゾンビのスピード,僵尸速度
ZombiePoliceLightSetting,Police visibility,警察の視界,人类视野
ZombiePoliceSpeedSetting,Speed of police,警察のスピード,人类速度
ZombieCommingLightSetting,Light before zombies,ゾンビがやってくる前の視界,僵尸出现前的视野
ZombieCommingSpeedSetting,Speed before zombies,ゾンビがやってくる前のスピード,僵尸出现前的速度
RandomColorHideNameSetting,Hide Name,名前を隠す,隐藏昵称
RandomColorNameColorSetting,Change Name Color,名前の色も変える,昵称颜色改变
RandomColorMeetingSetting,In Meeting Change Color,会議中にも色を変更する,会议中昵称颜色改变
NeutralName,Neutral,第三陣営,独立阵营
WinName,Win,勝利,胜利
PlusModeSetting,Plus Mode,重複モード,附加模式
SettingNoSabotageMode,Block Sabotage Mode,サボタージュ禁止モード,内鬼禁用破坏
SettingNoTaskWinMode,Not Task Win Mode,タスク勝利できないモード,船员禁用完成任务获胜
SettingFixedSpawnMode,Fixed Spawn Mode,固定スポーンモード,固定出生点
MapOptionSetting,Map Option,マップの設定,地图设置
NotUseReportSetting,Unable to Report DeadBody,死体通報ができない,禁用报告
NotUseMeetingSetting,Conference button not available,会議ボタンが使用できない,禁用紧急会议
DeviceOptionsSetting,Device Options,機器の設定,飞船设备设置
DeviceUseAdminSetting,Use OK Admin,アドミンが使える,可以观看管理地图
DeviceUseVitalOrDoorLogSetting,Use OK Vital Or DoorLog,バイタル・ドアログが使える,可以观看生命监测装置和通行日志
DeviceUseCameraSetting,Use OK Camera,カメラが使える,可以观看监控
HASHideName,Hide,逃,躲藏者
HASSeekName,Seek,鬼,抓捕者
HASDeathTaskSetting,Hide Death Clear Task,死亡するとタスクが終わる,死亡后隐藏尸体并清除任务
HASUseSaboSetting,Use Sabotage,サボタージュが使える,抓捕者可以造成紧急破坏
HASUseVentSetting,Use Vent,ベントが使える,抓捕者可以使用管道

# FinalResults
FinalResults,Final results,最終結果
FinalStatusAlive,Survival,生存,存活
FinalStatusKill,Kill,キル,被杀
FinalStatusExiled,Exiled,追放,放逐
FinalStatusSheriffKill,Executing justice,正義執行,出警
FinalStatusSheriffMisFire,Sheriff misfire,シェリフ誤爆,走火
FinalStatusMeetingSheriffKill,Meeting Sheriff kill，Executing justice,正義執行,执法
FinalStatusMeetingSheriffMisFire,Meeting Sheriff misfire,ミーティングシェリフ誤爆,误判
FinalStatusIgnite,Ignite,焼殺,纵火
FinalStatusDisconnected,Amputation,切断,断连
FinalStatusDead,Death,死亡,死亡
FinalStatusSabotage,Sabotage,サボタージュ,破坏
FinalStatusNekomataExiled,The Way of the Nekomata,猫又の道連れ,连带
FinalStatusSluggerHarisen,Harisen,ハリセン,击飞
FinalStatusLoversBomb,Lovers suicide,心中,殉情
FinalStatusKunaiKill,Kunai,クナイ,苦无
FinalStatusSamuraiKill,Farewell.,切り捨て御免,一刀两断
FinalStatusChiefMisSet,Misnaming,指名誤爆,背刺
FinalStatusFalseChargesFalseCharge,Self-determination for injustice,冤罪自決,冤案
FinalStatusSelfBomberBomb,Suicide bomb attack,自爆特攻,自爆
FinalStatusBySelfBomberBomb,Bomb victim,自爆巻き添え,恐袭
FinalStatusLadderDeath,Death by fall,転落死,坠落
FinalStatusNunDeath,Death by fall from Nun,ぬーん転落死,鬼上身
FinalStatusSpelunkerCommsElecDeath,CommsElec death,停電通信死,摔死
FinalStatusSpelunkerSetRoleDeath,SetRole death,役職死,死亡
FinalStatusSpelunkerVentDeath,Vent death,ベント転倒死,绊死
FinalStatusSpelunkerOpenDoor,Door death,ドア指挟み死,夹死
FinalStatusTunaSelfDeath,Heart Stop,心停止,希望之花~紧连着羁绊~
FinalStatusBestFalseChargesFalseCharge,False charge,冤罪追放,含冤而死
FinalStatusSheriffHauntedWolfKill,Executing justice,正義執行,出警
FinalStatusMeetingSheriffHauntedWolfKill,Executing justice,正義執行,执法
FinalStatusRemoteSheriffHauntedWolfKill,Executing justice,正義執行,超能轰击
FinalStatusRemoteSheriffKill,Executing justice,正義執行,超能轰击
FinalStatusRemoteSheriffMisFire,Remote Sheriff MisFire,リモートシェリフ誤爆,超能反噬
FinalStatusSerialKillerSelfDeath,Suicide of Serial Killer,シリアルキラー自殺,躁狂
FinalStatusVampireKill,Death by bloodsucking,吸血死,吸血
FinalStatusOverKillerOverKill,Over Kill!,オーバーキル!,肢解
FinalStatusSuicideWisherSelfDeath,Suicide,自殺,自杀
FinalStatusMadmakerMisSet,Misnaming,指名誤爆,背刺
FinalStatusRevenge,Revenge,復讐,仇杀
FinalStatusHitmanKill,Mission accomplished.,任務遂行,遇刺
FinalStatusHitmanDead,Disposition.,処分,沉江
FinalStatusWorshiperSelfDeath,Suicide,自決,自杀
FinalStatusSheriffInvolvedOutburst,Collateral damage to the sheriff's misfire.,暴発巻き添え,误杀
FinalStatusTheThirdLittlePigCounterKill,Counter Kill,カウンターキル,反杀

# Sabotages
SabotageSetting,Sabotage Setting,サボタージュの設定,破坏设置
SabotageCognitiveDeficitSetting,Cognitive Deficit,認識障害,破坏时附带认知干扰
CognitiveDeficitSabotageOutfitUpdateTimeSetting,Figure Change Interval,姿変更間隔,认知干扰时其他玩家外貌变换间隔时间
CognitiveDeficitSabotageReleaseTimeSetting,Release Time,解除時間,认知干扰持续时间
CognitiveDeficitSabotageIsAllPlayerEndSabotageSetting,Cannot be sabotaged unless everyone is deactivated.,全員が解除しないとサボタージュできない,有玩家没有解除认知干扰则破坏不能发起

# WereWolfMode
WereWolfHunterText,Let's die with someone else.,誰かを道連れにしよう,送别人上路吧
WereWolf.WereWolf,Werewolf,人狼,狼人
WereWolf.WereWolfText,Let's Eat Villager and Win!,市民を食べて勝利しよう,吃掉市民获得胜利
WareWolfMadman,Madmate,狂人,隐狼
WereWolfMadmanText,Help the werewolves and win!,人狼を助けて勝利しよう,帮助狼人获得胜利
WareWolfVillager,Villager,市民,市民
WereWolfVillagerText,Expel the werewolves in the debate and win!,議論で人狼を追放して勝利しよう,通过辩论放逐狼人获得胜利
WareWolfFortuneTeller,FortuneTeller,占い師,预言家
WereWolfFortuneTellerText,Divination to discover the werewolf and win!,占って人狼を発見して勝利しよう,通过占卜找到狼人获得胜利
WareWolfMedium,Medium,霊媒師,守墓人
WereWolfMediumText,Search out the role of the dead and win!,死んだ人の役職を調べて勝利しよう,查清死者职业获得胜利
WereWolfMeetingNormal,This is Meeting Time.,今回は会議タイムです。,本次会议时间
WereWolfMeetingAbility,This is Use to Ability Time.,今回は能力使用タイムです。,本次能力使用时间
WereWolfMediumAbilityText,{0}'s Role is {1}!,{0}の役職は{1}です!,{0}的职业是{1}!
WerewolfModeName,Werewolf,人狼,狼人杀
WerewolfAbilityTimeSetting,Ability Time,能力使用タイム,能力持续时间
WerewolfAbilityTime,{0} seconds remaining until the end of the ability use time,能力使用タイムが終了するまで残り{0}秒,能力持续时间还剩{0}秒
HauntedWolfName,HauntedWolf,狼憑き,混血儿
HauntedWolfTitle1,Don't let the crew find out.,クルーにバレるな,别让其他船员起疑
PlayerCountMessage,Players,人,名
DebugModeOnText,DebugMode:ON,デバッグモードが有効です,启用调试模式
BattleRoyalRemaining,Remaining until kills can be made,キルができるようになるまで残り,允许击杀时的剩余人数
Player,Player,プレイヤー,玩家
CopsImpostorCome,Remaining until the Impostor arrives,インポスターが来るまで残り,内鬼出现时的剩余人数
CopsSpawnLoading,Waiting for all players to spawn...\nLoading: {0} people remaining</color></size>,全プレイヤーのスポーンを待っています...\nロドー中:残り{0}人</color></size>,等待所有玩家进入行动阶段...\n载入中:还剩{0}人</color></size>
CRHideNameSetting,Hide Name,名前を隠す,隐藏昵称
IsOldMode,OldMode,オルドモード,怀旧模式
CrewmateName,Crewmate,クルーメイト,船员
CrewmateTitle1,Use Task,タスクを行う,找出内鬼
CrewmateDescription,Default Crewmate.,通常のクルーメイトです。,普通船员。
ImpostorName,Impostor,インポスター,内鬼
ImpostorTitle1,Use Sabotage & Vent,サボタージュ＆ベントを行う,破坏并杀死所有人
ImpostorDescription,Default Impostor.,通常のインポスターです。,普通内鬼。
Neutral,Neutral,第三陣営,独立阵营
NeutralSubIntro,Let's work only for ourselves.Let's Take advantage of others.,自分の事だけ考えろ。他人の事は利用せよ。,你不属于船员或内鬼阵营，需要独自达成胜利条件。
detecName,Detective,探偵,侦探

# Roles
NiceName,Nice,ナイス,正义的
EvilName,Evil,イビル,邪恶的
SoothSayerName,Diviner,占い師,占卜师
SoothSayerTitle1,Divine the player and find the outsider.,プレイヤーを占い人外を見つけよう,占卜并找出内鬼
SoothSayerDisplaySetting,Position visibility,陣営表示にする,占卜师可得信息为阵营而非职业
SoothSayerDetailMode,Detail display,詳細表示,具体职业
SoothSayerEncampMode,Camp indicator,陣営表示,所属阵营
SoothSayerMaxCountSetting,Number of times you can divine,占える回数,占卜师最大占卜次数
SoothSayerGetChat,The Role of {0} is {1}.,{0}の役職は{1}です。,{0}的职业是{1}
SoothSayerFirstWhiteOption,Can tell one person at the first meeting who is not an outsider.,最初の会議で一人だけ人外でない人がわかる,占卜师在第一次会议阶段可以得知一名不是敌对阵营的玩家
SoothSayerCrewmateText,is crewmate,はクルーメイトです,是船员
SoothSayerNotCrewmateText,is not crewmate,はクルーメイトではありません,不是船员
JesterName,Jester,てるてる,小丑
JesterTitle1,Vote to get banned!,投票で追放されよう,想办法被投出去
JesterDescription,If they are expelled at the meeting they win alone.,会議で追放されると、単独勝利します。,小丑在会议中被投出则小丑单独获胜。
JesterIsVentSetting,I can put it in a vent.,ベントに入れる,可以进入管道
JesterIsSabotageSetting,You can sabotage it.,サボタージュができる,小丑可以破坏
JesterIsWinClearTaskSetting,Jester was Clear Task Win,タスクを完了しないと勝利できない,不完成任务不能获胜
JesterWinText,Jester{0}Win!,てるてる{0}勝利,小丑竟是我自己
LighterName,Lighter,ライター,执灯人
LighterTitle1,Let's brighten our vision,視界を明るくしよう,擦亮你的眼睛
LigtherCooldownSetting,Writer Cooldown,ライターのクールダウン,执灯人技能冷却
LigtherDurationSetting,Lighter Duration,ライターの継続時間,执灯人技能持续时间
LighterUpVisionSetting,View in light,ライト中の視界,执灯人技能持续时的视野
LighterButtonName,Light!,ライト!,点灯
EvilLighterName,Evil Lighter,イビル ライター,邪恶的执灯人
EvilLighterTitle1,Darken Vision,視界を暗くしよう,缩减他人视野
EvilLighterTitle2,Create a blackout sabotage that can further reduce your vision!,視界をさらに狭くできる停電のサボタージュを発生させよう,用照明破坏制造更恐怖的黑暗
EvilLigtherCooldownSetting,Evil Lighter Cooldown,イビルライターのクールダウン,邪恶的执灯人技能冷却
EvilLigtherDurationSetting,Duration of Evil Writer,イビルライターの継続時間,邪恶的执灯人技能持续时间
EvilScientistName,Evil Scientist,イビルサイエンティスト,邪恶的隐身人
EvilScientistTitle1,Become invisible and get kills!,透明になってキルをしよう,隐身并杀死其他船员
EvilScientistTitle2,Win with the power of science!,科学の力で勝利しよう,隐身，很神奇吧
EvilScientistCooldownSetting,Evil Scientist Invisibility Cooldown,イビルサイエンティストの透明クールダウン,邪恶的隐身人技能冷却
EvilScientistDurationSetting,Evil Scientist's Invisibility Duration,イビルサイエンティストの透明継続時間,邪恶的隐身人技能持续时间
SheriffName,Sheriff,シェリフ,警长
SheriffTitle1,Kill the outsider!,人外をキルしよう,击杀敌人
SheriffTitle2,Kill the outsider and lead your crewmates to victory!,人外をキルしてクルーメイトを勝利に導こう,杀死敌人带领船员获得胜利
SheriffDescription,Can shoot and kill an imposter if he is a crewmate. he will self-destruct.,インポスター陣営(設定により第三陣営など)をキルすることが出来、クルーだった場合、自爆します,警长可以击杀内鬼。\n但若警长尝试击杀船员，警长将以死谢罪。
SheriffCooldownSetting,Kill Cooldown,キルクールタイム,击杀冷却
SheriffIsKillNeutralSetting,Can kill neutrala,第三陣営をキルできる,可以击杀/招募（警察局长）独立阵营玩家
SheriffIsKillLoversSetting,Can kill lovers,ラバーズをキルできる,可以击杀/招募（警察局长）恋人
SheriffIsKillMadRoleSetting,Can kill mad roles,マッド系をキルできる,可以击杀/招募（警察局长）叛徒系职业
SheriffIsKillImpostorSetting,Can kill impostors,インポスターをキルできる,可以击杀内鬼
SheriffAlwaysKills,Killing a target even when it is misfiring.,誤射した時も対象を殺す,警长误杀时选择的对象也会死亡
SheriffIsKillFriendsRoleSetting,Can kill jackal friend roles,ジャッカルフレンズ系をキルできる,可以击杀狈系职业
SheriffIsKillQuarreledSetting,Can kill quarreleds,クラードをキルできる,可以击杀福音天使
SheriffYes,Yes,できる,是
SheriffNo,No,できない,否
CannotUse,Number of kills remaining: 0,キル残り回数:0
SheriffMaxKillCountSetting,Maximum number of kills,最大キル数,最大可击杀/招募（警察局长）次数
SheriffKillButtonName,Kill,キル,击杀
SheriffNumTextName,{0} shots remaining.,残り{0}発,还剩{0} 次
MeetingSheriffName,Meeting Sheriff,ミーティング シェリフ,执法官
MeetingSheriffTitle1,Kill an outsider in a meeting!,人外を会議でキルしよう,在会议中击杀敌人
MeetingSheriffTitle2,Kill an outsider in a meeting and lead your crewmates to victory!,人外を会議でキルしてクルーメイトを勝利に導こう,在会议中击杀敌人带领船员获得胜利
MeetingSheriffTitle3,Kill an outsider in a meeting to prevent a power play,人外を会議でキルしてパワープレイを防ごう,在会议中击杀敌人以阻止敌人能力的发动
MeetingSheriffTitle4,Kill an outsider in a meeting to prevent a PP,人外を会議でキルしてPPを防ごう,在会议中击杀敌人以阻止能力发动
MeetingSheriffIsKillNeutralSetting,Can Kill a Neutral,第三陣営をキルできる,执法官可以击杀独立阵营玩家
MeetingSheriffIsKillMadRoleSetting,Can Kill a Madmate,マッド系役職をキルできる,执法官可以击杀叛徒系职业
MeetingSheriffYes,Yes,できる,是
MeetingSheriffNo,No,できない,否
MeetingSheriffMaxKillCountSetting,Maximum number of Meeting Sheriff kills,ミーティングシェリフの最大キル数,执法官最大可击杀次数
MeetingSheriffMeetingmultipleKillSetting,Can you get multiple kills in one meeting?,一会議中に複数キルできるか,执法官可以在一次会议中多次击杀
MeetingSheriffkillChat1,{0} has sheriffkilled {1}!,{0} は {1} をシェリフキルした！,{0}被{1}出警了！
MeetingSheriffkillChat2,{0} was killed，but it was a misfire! {1} killed himself in remorse!,{0} をキルしたが誤射だった! {1} は自責の念で自害した!,{0}被杀害了，但他是被冤枉的！{1}以死谢罪了！
MeetingSheriffkillChat3,{0} was a misfire!,{0} は誤爆した！,{0}的枪走火了！
MeetingSheriffkillChat4,{0} succeeded!,{0} は成功した！{0}成功了！
JackalName,Jackal,ジャッカル,豺狼
JackalTitle1,Try to kill Impostors and Crewmates,インポスターとクルーメイトをキルしよう,杀死所有船员和内鬼
JackalTitle2,Kill the other team to win!,他陣営をキルして勝利しよう,把其他人全部杀死获得胜利
JackalTitle3,Let's just kill them all.,全員ぶち殺そう,杀死所有人
JackalCooldownSetting,Jackal's kill cool time,ジャッカルのキルクールタイム,击杀冷却
JackalUseVentSetting,Use Vent,ベントを使える,可以使用管道
JackalUseSaboSetting,Use Sabotage,サボタージュが使える,可以破坏
JackalCreateSidekickSetting,Jackal can make a Sidekick,ジャッカルがサイドキックを作れる,可以招募跟班
JackalNewJackalCreateSidekickSetting,New Jackal can make Sidekick,新ジャッカルがサイドキックを作れる,晋升的跟班也可以招募跟班
JackalOn,On,オン,开启
JackalOff,Off,オフ,关闭
JackalCreateSidekickButtonName,Sidekick!,サイドキック！,招募
SidekickName,Sidekick,サイドキック,跟班
SidekickTitle1,Help Jackal,ジャッカルを助けよう,帮助豺狼获得胜利
TeleporterName,Teleporter,テレポーター,邪恶的传送师
TeleporterTitle1,Let's get everyone together,みんなを集めよう,把所有人传送到一起
TeleporterTitle2,Let's get everyone away from the corpse position.,みんなを死体位置から遠ざけよう,利用传送让他人远离尸体
TeleporterCooldownSetting,Teleporter Sabotage Kill Cooldown,テレポートのクールダウン,传送冷却
TeleporterTeleportTimeSetting,Time to be teleported,テレポートされるまでの時間,传送所需时间
TeleporterTeleportButton,Teleport,テレポート！,传送
TeleporterTPTextMessage,The teleporter teleported you to {0}!,テレポーターが{0}にテレポートさせた!,传送师把你传送到{0}
SpiritMediumName,Medium,霊媒師,通灵师
SpiritMediumTitle1,Divine the dead person's position,やられた人を占い役職を調べよう,对死者的灵魂通灵知晓他们的职业
SpiritMediumDisplaySetting,Position visibility,陣営表示にする,通灵师可得信息为阵营而非职业
SpiritMediumDetailMode,Detail display,詳細表示,具体职业
SpiritMediumEncampMode,Position Display,陣営表示,所属阵营
SpiritMediumMaxCountSetting,Number of times you can divine,占える回数,通灵师最大可通灵次数
SpiritMediumIsAutoMode,Automatic divination of the expelled,追放された人を自動で占う,自动对被放逐的玩家通灵
SpeedBoosterName,Speed Booster,スピードブースター,正义的飞毛腿
SpeedBoosterTitle1,Make your speed faster!,スピードを速くしよう,飞一样的感觉！
SpeedBoosterTitle2,Lead your crew to victory with super speed!,スーパースピードでクルーを勝利に導こう,利用自己飞快的速度带领船员走向胜利
SpeedBoosterCooldownSetting,Speed Up Cooldown,スピードアップクールダウン,正义的飞毛腿技能冷却
SpeedBoosterDurationSetting,Duration of speed-up,スピードアップの継続時間,正义的飞毛腿技能持续时间
SpeedBoosterPlusSpeedSetting,Double your speed,スピードの倍速,正义的飞毛腿技能持续时间内速度增加的倍数
SpeedBoosterBoostButtonName,Speed\nBoost,スピード\nブースト,加速
EvilSpeedBoosterName,Evil Speed Booster,イビルスピードブースター,邪恶的飞毛腿
EvilSpeedBoosterTitle1,Make your speed faster!,スピードを速くしよう,飞一样的感觉！
EvilSpeedBoosterTitle2,Use your super speed to lead your Impostor to victory!,スーパースピードでインポスターを勝利に導こう,利用自己飞快的速度带领内鬼走向胜利
EvilSpeedBoosterTitle3,Get a kill with super speed!,スーパースピードでキルをしよう,击杀并迅速的离开案发现场
EvilSpeedBoosterTitle4,Let's run around and kill everyone.,走りまくって皆を瞬殺しよう,利用自己飞快的速度击杀船员
EvilSpeedBoosterCooldownSetting,Speed Up Cooldown,スピードアップクールダウン,邪恶的飞毛腿技能冷却
EvilSpeedBoosterDurationSetting,Speedup duration,スピードアップの継続時間,邪恶的飞毛腿技能持续时间
EvilSpeedBoosterPlusSpeedSetting,Double Speed,スピードの倍速,邪恶的飞毛腿技能持续时间内速度增加的倍数
EvilSpeedBoosterIsNotSpeedBooster,If this position is selected the speed booster will not be selected.,この役職が選ばれるとスピードブースターが選ばれない,不能与正义的飞毛腿共存
EvilSpeedBoosterBoostButtonName,Speed\nBoost,スピード\nブースト,加速
TaskerName,Tasker,タスカー,特务
TaskerTitle1,Finish the task and win the Impostor!,タスクを終わらせてインポスターを勝利させよう,完成任务来让内鬼获得胜利
TaskerTitle2,Try to finish the task!,タスクを頑張って終わらせよう,我就是大名鼎鼎的双料高级特工，代号：穿山甲！
TaskerIsKillCoolTaskNow,Kill cool time is saved during the task.,タスク中にキルクールタイムが貯まる,特务在任务进程中击杀冷却减少
TaskerCanKill,Killable,キルできる,特务可击杀
TaskerWinText,Impostor Task,インポスタータスク,特务完成任务而
DoorrName,Doorr,ドアー,门卫
DoorrTitle1,Let's open and close the door.,ドアを開け閉めしよう,控制飞船上门的开关
DoorrTitle2,Close the door to block the impostor!,ドアを閉めてインポスターを妨害しよう,关上门来拦截内鬼
DoorrCoolTimeSetting,Door Cool Time,ドアクールタイム,门卫技能冷却
DoorrButtonText,Door Open Or Close,ドアを開け閉めする,开/关门
EvilDoorrName,Evil Doorr,イビルドアー,守门人
EvilDoorrTitle1,Open and close doors!,ドアを開け閉めしよう,控制飞船上门的开关
EvilDoorrTitle2,Try to sabotage your crewmates!,クルーメイトを妨害しよう,尝试妨碍船员
EvilDoorrTitle3,Open and close the door immediately to block your crewmate!,すぐにドアを開け閉めしてクルーメイトを妨害しよう,快速操控门的开关来拦截船员
EvilDoorrCoolTimeSetting,Door Cool Time,ドアクールタイム,守门人技能冷却
ShielderName,Shielder,シールダー,卫兵
ShielderTitle1,Prevent outsider kills.,人外のキルを防ごう,抵挡敌人的攻击
ShielderTitle2,Shield yourself!,自分にシールドを張ろう,保护好自己
ShielderTitle3,Try to block a foreigner's kill!,人外のキルを妨害しよう,抵挡住来自敌人的击杀
ShielderCoolTimeSetting,Shield Cool Time,シールドクールタイム,卫兵技能冷却
ShielderDurationSetting,Shield duration,シールド継続時間,卫兵技能持续时间
ShielderButtonName,Shield,シールド,防御
FreezerName,Freezer,フリーザー,冻结者
FreezerTitle1,Stop everyone and sabotage your crewmates!,みんなを止めてクルーメイトを妨害しよう,冻住所有人来妨碍船员
FreezerTitle2,Try to stop everyone and sabotage the task!,みんなを止めてタスクの妨害をしよう,冻住所有人来阻碍任务的推进
FreezerTitle3,Let's put them all on ice.,全員を氷漬けにしよう,冻住不许走！
FreezerCoolTimeSetting,Freeze Cool Time,フリーズクールタイム,冻结者技能冷却
FreezerDurationSetting,Freeze duration,フリーズ継続時間,冻结者技能持续时间
FreezerButtonName,Freeze,フリーズ,冻结
SpeederName,Speeder,スピーダー,缓速者
SpeederTitle1,Slow everyone down and sabotage your crewmates!,みんなを遅くしてクルーメイトを妨害しよう,让所有人速度变慢以妨碍船员
SpeederTitle2,Try to slow everyone down and sabotage the task!,みんなを遅くしてタスクの妨害をしよう,让所有人速度变慢以阻碍任务的推进
SpeederCoolTimeSetting,Sabotage Cool Time,サボタージュクールタイム,缓速者技能冷却
SpeederDurationTimeSetting,Sabotage duration,サボタージュ継続時間,缓速者技能持续时间
SpeederButtonName,SpeedDown,スピードダウン,减速
NiceGuesserName,Guesser,ゲッサー,正义的赌怪
NiceGuesserTitle1,Let's punch out the outsider.,人外を打ち抜こう,生命就是豪赌
NiceGuesserTitle2,Guess the position of the outsider,人外の役職を当てよう,在会议上猜测他人的身份
NiceGuesserTitle3,Guess and kill the Imposter!,推察し、人外を撃ち抜け！
GuesserOneMeetingShortSetting,Multiple hits in one meeting,1会議に複数回打てる,正义的赌怪能否在一次会议中多次猜测
GuesserShortMaxCountSetting,Number of times you can hit,打てる回数,正义的赌怪最大可猜测次数
EvilGuesserName,Evil Guesser,イビルゲッサー,邪恶的赌怪
EvilGuesserTitle1,Guess the position of the camp other than Impostor.,インポスター以外の陣営の役職を当てよう,刺杀其他玩家
EvilGuesserTitle2,He dies from the one who named the roll.,迂闊に名乗ればあの世行き
EvilGuesserOneMeetingShortSetting,Multiple hits in one meeting,1会議に複数回打てる,邪恶的赌怪能否在一次会议中多次猜测
EvilGuesserShortMaxCountSetting,Number of times you can hit,打てる最大数,邪恶的赌怪最大可猜测次数
NextPage,Next Page,次のページへ,下一页
PreviousPage,Previous Page,前のページへ,上一页
VultureName,Vulture,ヴァルチャー,秃鹫
VultureTitle1,Let's eat a corpse.,死体を食べよう,吞噬尸体获得胜利
VultureCooldownSetting,Corpse cooldown,死体クールダウン,秃鹫技能冷却
VultureDeadBodyCountSetting,Victory corpse count,勝利死体数,秃鹫胜利所需吞噬尸体数
VultureShowArrowsSetting,Show arrows pointing to dead bodies,死体を指す矢印を表示する,秃鹫可见指向尸体的箭头
VultureButtonName,Eat,食らう,吞噬
NiceScientistName,Nice Scientist,ナイスサイエンティスト,正义的隐身人
NiceScientistTitle1,Turn invisible and find the bodies!,透明になって死体を発見しよう,通过隐身来找寻尸体
NiceScientistTitle2,Use the power of science to win!,科学の力で勝利しよう,隐身，很神奇吧
NiceScientistCooldownSetting,Cool Time,クールタイム,技能冷却
NiceScientistDurationSetting,Duration Time,継続時間,技能持续时间
ScientistButtonName,Hide,隠れる,隐身
ClergymanName,Clergyman,聖職者,牧师
ClergymanTitle1,Let's sabotage the outsider.,人外の妨害をしよう,妨碍内鬼行动
ClergymanTitle2,Let's obstruct the outsider's view.,人外の視界を妨害しよう,让内鬼们也尝尝黑暗的滋味
ClergymanCooldownSetting,Cool Time,クールタイム,牧师技能冷却
ClergymanDurationTimeSetting,Duration Time,継続時間,牧师技能持续时间
ClergymanDownVisionSetting,Impostor Down Vision.,実行時の視界,牧师技能持续时间内的内鬼视野
ClergymanLightOutButtonName,Light Down,ライトダウン,咏唱
ClergymanLightOutMessage,The Clergyman is blocking my view!,聖職者が視界を妨害しています！,牧师正在破坏你的视野
MadmateName,Madmate,マッドメイト,叛徒
MadmateTitle1,Let's help the Impostor.,インポスターを助けよう,帮助内鬼获得胜利
MadmateDescription,The decision is in the Crewmate camp but he is a companion of the Impostor.\nIf the Impostor wins the Madmate can also win.,判定はクルーメイト陣営ですが、インポスターの仲間です。\nインポスターが勝利すると、マッドメイトも勝利できます。,叛徒属于船员阵营，但是其为内鬼的同伙。\n内鬼获胜则叛徒一同获胜。
MadmateIsCheckImpostorSetting,Do you have the capacity for fanaticism?,狂信能力を有するか,叛徒是否能确认内鬼玩家
MadmateCheckImpostorTaskSetting,Amount of tasks that will be able to be checked (of all tasks),確認できるようになるタスク量(全タスク内),确认身份需要完成的任务量
MadmateUseVentSetting,Use Vent,ベントに入れる,可以进入管道
MadmateVentMoveSetting,Move Vent,ベントで動ける,叛徒可以使用管道
MadmateImpostorLightSetting,Impostor Light,インポスターの視界,拥有内鬼视野
BaitName,Bait,ベイト,诱饵
BaitTitle1,Bait your enemies,相手に通報させよう,诱骗你的敌人
BaitDescription,If you are killed you can force the person who killed you to report you.,自分がキルされると、キルしてきた相手に強制的に通報させることができます。,诱饵被杀死，则杀死诱饵的凶手将会在指定时间后强制报告诱饵的尸体。
BaitReportTimeSetting,Report Time,通報までの時間,诱饵被杀后的强制报告延迟
HomeSecurityGuardName,Home Security Guard,自宅警備員,家里蹲
HomeSecurityGuardTitle1,Guard My Home,自分たちの家を守ろう,我是尼特我自豪
HomeSecurityGuardDescription,It is a Crewmate with no tasks.,タスクがないクルーメイトです。,家里蹲属于船员阵营，不需要做任务。
StuntManName,Stunt Man,スタントマン,杂技演员
StuntManTitle1,Guard Impostor Kill,インポスターのキルを防ごう,躲避内鬼的攻击
StuntManDescription,It can prevent a set number of kills unconditionally.\nIf a kill is prevented a text will appear in the meeting stating that you were protected by a guardian angel.,無条件で設定回数だけキルを防げます。\nキルを防いだ場合、会議に守護天使に守られたというのテキストが表示されます。,杂技演员可以防止若干次对自己的击杀，但是不会收到提醒。\n如果一次行动阶段中杂技演员用这种方式防止了击杀，\n那轮会议阶段开始时杂技演员将收到自己被守护天使保护了的信息。
StuntManGuardMaxCountSetting,Guard Max Count,ガードできる回数,杂技演员可以躲避击杀的次数
MovingName,Moving,ムービング,正义的魔术师
MovingTitle1,Let's run away from the Impostor.,インポスターから逃げよう,利用传送避免被内鬼杀害
MovingCooldownSetting,Teleportation Cool Time,テレポートクールタイム,技能冷却
MovingButtonSetName,Location Set,場所セット,标记
MovingButtonTpName,Teleport,テレポート,瞬移
QuarreledName,Quarreled,クラード,福音天使
QuarreledIntro,{0} and it's Quarreled!,{0}とクラードになりました！,{0} 和你是福音天使
QuarreledTeamCountSetting,Max Teams,チーム数,福音天使最多对数
QuarreledParSetting,Only Crewmate Team,排出される確率,福音天使生成概率
QuarreledOnlyCrewmateSetting,Discharge probability,クルーメイト陣営のみ,只有船员可以成为福音天使
QuarreledWinText,Quarreled{0}Win,クラード{0}勝利,他们狂傲，我看见便将他们除掉
OpportunistName,Opportunist,オポチュニスト,投机者
OpportunistTitle1,We'll survive.,生き残ろう,活下去
OpportunistTitle2,Let's try not to die.,死なないようにしよう,我……不想死……
OpportunistDescription,If you are still alive by the end of the game you get an additional win.,ゲーム終了時までに生き残っていると、追加勝利できます。,投机者在游戏中活到最后则投机者和获胜阵营一起获胜。
BestfalsechargeName,Best False Charge,ベスト冤罪ヤー,冤种
BestfalsechargeTitle1,Lets' Task!,タスクをしよう,你已经死了
BestfalsechargeDescription,After the first meeting it dies.,最初の会議が終わると死にます。,冤种属于船员阵营。\n在第一轮会议过后冤种就会死亡。
NiceGamblerName,Nice Gambler,ナイスギャンブラー,正义的赌徒
NiceGamblerTitle1,Lets' Gambler!,ギャンブルをしよう,搏一搏，单车变摩托！
NiceGamblerUseCountSetting,Use Count,使える回数,正义的赌徒可以赌博的次数
EvilGamblerName,Evil Gambler,イビルギャンブラー,赌徒
EvilGamblerTitle1,Lets' Kill!,キルをしよう,击杀冷却会根据你的每次击杀变化
EvilGamblerDescription,Changes the kill rules every time you kill.,キルする毎にキルクールタイムが変化します,击杀冷却会伴随着你的每次击杀变化
EvilGamblerSucTimeSetting,Kill cool time on success,成功時のキルクールタイム,赌徒赌博成功的击杀冷却
EvilGamblerNotSucTimeSetting,Kill Cool Time on Failure,失敗時のキルクールタイム,赌徒赌博失败的击杀冷却
EvilGamblerSucParSetting,Success probability,成功確率,赌徒赌博成功的概率
ResearcherName,Researcher,研究者,调查员
ResearcherTitle1,Let's do some research.,研究をしよう,通过调查发现内鬼
ResearcherOneTurnSetting,Maximum number of samples per turn,1ターンの最大サンプル数,一轮最多取样次数
SelfBomberName,Self Bomber,自爆魔,恐怖分子
SelfBomberTitle1,Lets' Self Bomb!,自爆をしよう,我的任务 完成啦！
SelfBomberDescription,Shapeshifting causes self-destruction.\nIf you self-destruct you will die involving everyone around you.,シェイプシフトをすることで、自爆します。\n自爆をすると周りの人を巻き込んで死亡します。,恐怖分子属于内鬼阵营，可以自爆。\n若恐怖分子自爆，自爆者与周围一定范围的玩家都会死亡。
SelfBomberScopeSetting,Range (radius),範囲(半径),爆炸范围（半径）
SelfBomberButtonName,Self Bomb,自爆,自爆
SelfBomberBombCoolTimeSettting,Ability of selfbomb cooldown time.,自爆能力のクールタイム,恐怖分子自爆冷却
GodName,God,神,神
GodTitle1,You Are God!!,あなたは神だ,新世界的卡密！
GodDescription,If you survive to the end you take away the win. Everyone's position is known.,最後まで生き残っていると、勝利を奪い取ります。全員の役職がわかります。,神存活到游戏结束则神单独获胜。\n所有玩家的职业对神可见。
GodViewVoteSetting,I know who to vote for.,投票先がわかる,神能看到所有人的投票情况
GodIsEndTaskWinSetting,You have to finish the task to win.,タスクを終わらせないと勝利できない,不完成所有任务则不能获胜
AllCleanerName,All Cleaner,オールクリーナー,清理者
AllCleanerTitle1,Let's get rid of the corpse.,死体を消そう,杀人不留痕迹
AllCleanerCountSetting,Number of times it can be used in one game,1試合中に使える回数,清理者最大可清理次数
AllCleanerButtonName,Clean,クリーン,清理
NiceNekomataName,Nice Nekomata,ナイス猫又,正义的猎人
NiceNekomataTitle1,Let's take him on the road.,道連れにしよう,带其他人一起上路
NiceNekomataTitle2,Let's have a human mess.,人外ガチャをしよう,带敌人一起上路
NiceNekomataTitle3,Let's mess around!,ガチャしようぜ！,扰乱敌人的计划吧
NiceNekomataDescription,If you are exiled at a meeting you take one of them with you on the road.,自分が会議で追放されると、誰か一人を道連れにします。,猎人在会议中被放逐，则猎人连带存活的随机一名玩家一同死亡。
NiceNekomataIsChainSetting,Chain Nekomata,猫又同士が連鎖する,猎人被连带死亡会继续触发连带死亡
EvilNekomataName,Evil Nekomata,イビル猫又,邪恶的猎人
EvilNekomataTitle1,Let's take him on the road.,道連れにしよう,带人一起上路
EvilNekomataDescription,If you are expelled from the meeting you will take one person with you including your friends.,自分が会議で追放されると、仲間含む誰か一人を道連れにします。,猎人在会议中被放逐，则猎人连带存活的随机一名玩家一同死亡。\n邪恶的猎人可能会连带其他内鬼阵营玩家。
JackalFriendsName,Jackal Friends,ジャッカルフレンズ,狈
JackalFriendsTitle1,Help Jackal.,ジャッカルを助けよう,帮助豺狼获得胜利
JackalFriendsTitle2,I'll help you kill them all.,全員ぶち殺す手伝いをしよう,助豺狼一臂之力
JackalFriendsDescription,It is judged as Crewmate.\nbut is in the Jackal camp.\nJackals can win if they win.\nJackal Friends is not recognized by Jackal.\nHelp Jackal so that the Jackal camp wins!,クルーメイトと判定されますが、ジャッカル陣営です。\nジャッカルが勝利すると、勝利できます。\nジャッカルフレンズはジャッカルからは分かりません。\nジャッカル陣営が勝利するようにジャッカルを助けましょう！。,规则上狈被判定为船员阵营，但是其为豺狼的同伙。\n豺狼团队获胜则狈一同获胜。\n豺狼不能确认狈是谁。狈需要帮助豺狼以获得胜利。
JackalFriendsIsCheckJackalSetting,Is Check Jackal,ジャッカルをチェックできる,可以确认豺狼是谁

DoctorName,Doctor,ドクター,医生
DoctorTitle1,Check Vitals,バイタルをチェックしよう,随时查看生命监测装置来确认船员的生死
DoctorVitalName,Vital,バイタル,生命监测装置
DoctorChargeTime,Vital charge time,バイタルのチャージタイム,医生装置冷却时间
DoctorUseTime,Can use vital time,バイタルを見れる時間,医生装置最大使用时间

CountChangerName,Count Changer,カウントチェンジャー,巫师
CountChangerTitle1,Let's change it,変更しよう,幻惑他人
CountChangerTitle2,Let's swap the judgment with the enemy.,敵と判定を入れ替えよう,变更他人的阵营判定
CountChangerMaxCountSetting,Maximum count,最大回数,巫师改变判定的最大次数
CountChangerNextTurnSetting,Reflected in next turn,次のターンに反映,巫师的技能效果在下一轮生效
CountChangerButtonName,Change,チェンジ,幻惑
PursuerName,Pursuer,追跡者,追猎者
PursuerTitle1,Let's track the other camps.,他陣営を追跡しよう,追猎其他船员
PursuerTitle2,Let's get our bearings.,位置を把握しよう,你将得知你附近船员的位置
PursuerTitle3,Let's go after him and kill him.,後を追ってキルしよう,追杀吧
MinimalistName,Minimalist,ミニマリスト,杀戮兵器
MinimalistTitle1,Let's Kill.,キルをしよう,执行杀戮命令
MinimalistTitle2,Get rid of unnecessary stuff and kill efficiently!,不必要なものを捨て、効率よくキルしよう,舍弃一切不必要的机能，服从于命令
MinimalistDescription,Instead of less kill cooling. some buttons are not available.,キルクールが少ない代わりに、一部のボタンが使えません。,杀戮兵器的击杀冷却有所减少。\n作为代价，杀戮兵器作为内鬼的一部分能力将无法使用。
MinimalistKillCoolSetting,Minimalist Kill Cool Time,ミニマリストのキルクールタイムの設定,杀戮兵器的击杀冷却
MinimalistVentSetting,Use Vent,ベントが使える,可以使用管道
MinimalistSaboSetting,Use Sabotage,サボタージュが使える,可以造成破坏
MinimalistReportSetting,Use DeadBody Report,通報ができる,可以报告尸体
HawkName,Hawk,ホーク,靶眼
HawkTitle1,Let's figure out what we're doing.,行動を把握しよう,一切都逃不出你的眼睛
HawkCoolTimeSetting,Cool Time,クールタイム,千里眼冷却
HawkDurationTimeSetting,Duration,継続時間,千里眼持续时间
HawkButtonName,Hawk Eye,ホークアイ,千里眼
EgoistName,Egotist,エゴイスト,野心家
EgoistTitle1,We can survive this.,生き残ろう,忍时待机
EgoistDescription,Impostor judgment.\nThe impostor appears to be a peer.\nIf all the Impostors are dead\nand the Impostor's victory condition is achieved (except Sabotage) the Egoist wins.,インポスター判定です。\nインポスターからは仲間に見えます。\nインポスターがすべて死んでいる状態で、\nインポスターの勝利条件を達成する(サボタージュ以外)とエゴイストの勝利です。,野心家规则上属于内鬼阵营。\n野心家与内鬼阵营玩家互认为同伴。\n其他内鬼阵营玩家全部死亡后，若内鬼阵营不通过紧急破坏获得胜利，\n并且野心家存活，则野心家单独获胜。
EgoistUseVentSetting,I can use Vent.,ベントを使える,可以使用管道
EgoistUseSaboSetting,Can use Sabotage,サボタージュが使える,可以进行破坏
EgoistImpostorLightSetting,Impostor's Vision,インポスターの視界,拥有内鬼视野
EgoistUseKillSetting,Can use Kill,キルできる,可以进行击杀
NiceRedRidingHoodName,NiceRedRidingHood,ナイス赤ずきん,小红帽
NiceRedRidingHoodTitle1,Come back to life,生き返ろう,杀死你的凶手死亡后你将会复活
NiceRedRidingHoodCount,Maximum number of revives,最大生き返り回数,小红帽最大可复活次数
NiceRedRidinIsKillerDeathRevive,Resurrects even if the killers die in the task turn,キル者がタスクターンに死亡した場合でも復活する,若凶手在行动阶段死亡小红帽依然可以复活
EvilEraserName,Evil Eraser,イビルイレイサー,消除者
EvilEraserTitle1,Let's wipe out their abilities.,能力を消し去ろう,消除别人的能力
EvilEraserMaxCountSetting,Max Erase Count,最大削除回数,消除者最大消除次数
WorkpersonName,Work person,仕事人,工作狂
WorkpersonTitle1,Let's do the work and win!,仕事をして勝利しよう,完成你的任务获得胜利
WorkpersonDescription,Wins if you finish the task,タスクを終わらせることで勝利できます。,工作狂完成所有任务后获得胜利。
WorkpersonIsAliveWinSetting,You have to be alive to win,生存していないと勝利できない,工作狂只有在存活时才能获胜
MagazinerName,Magaziner,マガジナー,快枪手
MagazinerTitle1,Save your kills!,キルを貯めよう,存下子弹以备不时之需
MagazinerSetTimeSetting,Kill cool time after magazine use,マガジン使用後のキルクールタイム,快枪手使用储存子弹后的击杀冷却
MagazinerAddButtonName,Save,貯める,储存
MagazinerGetButtonName,Set,セット,使用
LoversName,Lovers.,ラバーズ,恋人
LoversIntro,I'm in love with {0}!,{0}と恋に落ちてしまった！,你和{0}坠入了爱河
LoversDescription,Lovers is a duplicate position given in addition to other positions. Lovers person will see a heart mark next to their name.,恋人は他の役職に重複して与えられ、恋人同士は名前の後のハートマークで確認することが出来ます。,恋人为一个附加职业，由两名玩家组成。\n恋人可以在他们的名字旁边看到爱心。
LoversTeamCountSetting,Number of couples,カップル数,恋人存在对数
LoversParSetting,Discharge probability,排出確率,恋人出现概率
LoversOnlyCrewmateSetting,Chosen only by Cluemate,クルーメイトのみに選ばれる,恋人两方只能是船员阵营
LoversSingleTeamSetting,Single camp,単独陣営,恋人是否作为独立阵营
LoversSameDieSetting,Two people die at the same time,2人同時に死ぬ,恋人共死
LoversAliveTaskCountSetting,Tasks are counted when surviving,生存時、タスクがカウントされる,恋人存活时任务进度计入船员总任务进度
LoversDuplicationQuarreledSetting,Does not overlap with Quarreled,クラードと重複しない,恋人中不能有玩家同时是福音天使
MayorName,Mayor,メイヤー,市长
MayorTitle1,Let's add our vote at the meeting.,会議で票を追加で入れよう,你的投票更有分量
MayorDescription,Has more votes than usual when voting,票する時に通常よりも多くの票を持ちます。,投票阶段市长的一票算作多票。
MayorVoteCountSetting,Mayer's vote count,メイヤーの票数,市长投票的等价票数
trueloverName,True Lover,純愛者,情种
trueloverTitle1,Let's fall in love at first sight,一目惚れしよう,只因为在人群中多看了你一眼
trueloverDescription,Can be Lovers with any person. wins if survives with Lovers,誰かを愛することが出来、愛する相手と生きていた場合、その相手と勝利します,情种属于独立阵营，可以选择一名玩家与其成为恋人。\n游戏结束时情种与自己的恋人一同存活则情种跟随自己的恋人获得胜利。
trueloverloveButtonName,Love,一目惚れ,求爱
TechnicianName,Technician,技術者,修理工
TechnicianTitle1,Use technology to repair sabotage!,技術を駆使してサボタージュを修理しよう,维修船上的破坏
TechnicianDescription,Can only enter the vent during sabotage,サボタージュの間のみベントに入れます,修理工在紧急破坏出现时可以使用管道。
SerialKillerName,Serial Killer,シリアルキラー,嗜血杀手
SerialKillerTitle1,Kill and Survive!,キルをして生存しよう,你渴望鲜血
SerialKillerDescription,If you don't get a kill within a certain amount of time you will self-destruct,設定された時間内にキルを出来なかった場合、自爆します,嗜血杀手的击杀冷却短于普通内鬼。\n若嗜血杀手不在限定时间内进行一次击杀则嗜血杀手自杀。
SerialKillerSuicideTimeSetting,Time to suicide,自殺までの時間,嗜血杀手自杀倒计时
SerialKillerKillTimeSetting,Kill time,キルクールタイム,嗜血杀手击杀冷却
SerialKillerIsMeetingResetSetting,Resets when you enter a meeting.,会議に入るとリセットされる,会议过后是否重置嗜血杀手自杀倒计时
SerialKillerSuicideText,{0} seconds to suicide,自殺まで後{0}秒,{0}秒后自杀
OverKillerName,OverKiller,オーバーキラー,肢解者
OverKillerTitle1,Let's cover up the other kills.,他のキルを隠蔽しよう,肢解死者来掩盖犯罪
OverKillerDescription,A lot of corpses appear when you kill,キルした際に沢山の死体を作ります,你杀人时场上会多出数个尸体
OverKillerKillCoolTimeSetting,OverKiller Kill Cool Time,オーバーキラーのキルクールタイム,肢解者击杀冷却
OverKillerKillCountSetting,Number of bodies per,一回あたりの死体数,肢解者击杀时会出现的尸体数
LevelingerName,Levelinger,レベリンガー,悟道者
LevelingerTitle1,Save CP and raise your level!,経験値を貯めてレベルをあげよう,每次击杀都会使你逐渐强大
LevelingerOneKillXPSetting,XP gained from kills,キルで得られる経験値,悟道者每次击杀所获取的经验
LevelingerUpLevelXPSetting,Number of experience levels gained,レベルがあがる経験値数,悟道者升级所需经验
LevelingerGetPowerSetting,Abilities gained at level,レベルで得られる能力,级后悟道者获得的能力
LevelingerSettingKeep,Keep previous ability,前の能力をキープ,悟道者升级后原先通过升级获得的能力保留
LevelingerSettingTwoVote,Increased by 1 vote,1投票数増加,悟道者投出的票数增加一票
LevelingerReviveXPSetting,Can be revived by spending XP.,経験値を消費して復活できる,悟道者可以消耗经验在死后复活
LevelingerUseXPReviveSetting,Amount of XP to use,使用する経験値量,悟道者复活所需经验值
EvilMovingName,EvilMoving,イビルムービング,邪恶的魔术师
EvilMovingTitle1,Lets Teleport Kill!,テレポートをしてキルしよう,利用魔术杀害船员
AmnesiacName,Amnesiac,忘却者,失忆者
AmnesiacTitle1,Let's call the cops and join them.,通報して仲間になろう,努力回想你的职业
SideKillerName,SideKiller,サイドキラー,头目
SideKillerTitle1,Make friends and win!,仲間を作って勝利しよう,招募喽啰来获得胜利
SideKillerSidekickButtonName,Erosion,浸食する,策反
SideKillerKillCoolTimeSetting,SideKiller Kill Cool Time.,サイドキラーのキルクールタイム,头目击杀冷却
SideKillerMadKillerKillCoolTimeSetting,MadKiller Kill Cool Time.,マッドキラーのキルクールタイム,喽啰击杀冷却
MadKillerName,MadKiller,マッドキラー,喽啰
MadKillerTitle1,Let's promote and kill!,昇格してキルをしよう,帮助头目完成杀戮，等待晋升机会
SurvivorName,Survivor,サバイバー,苟活者
SurvivorTitle1,Survive and Kill!,生き残りながらキルをしよう,这是为了活下来的，我的挣扎！
SurvivorDescription,If you do not survive you will not win even if the impostor wins.,生き残っていないとインポスターが勝利しても勝利できません。,苟活者属于内鬼阵营。\n苟活者击杀冷却有所减少。\n苟活者在游戏结束时不存活则不能获胜。
SurvivorKillCoolTimeSetting,Kill Cool Time,キルクールタイム,苟活者击杀冷却
MadMayorName,MadMayor,マッドメイヤー,叛变的市长
MadMayorTitle1,Let's abuse our power at the meeting.,会議で権力を乱用しよう,在会议上滥用票权
MadMayorVoteCountSetting,MadMayer's vote count,マッドメイヤーの票数,叛变的市长投票的等价票数
MadMayorDescription,The decision is in the Crewmate camp but he is a companion of the Impostor. If the Impostor wins the Madmayor can also win.,判定はクルーメイト陣営ですが、インポスターの仲間です。インポスターが勝利すると、マッドメイヤーも勝利できます。,叛变的市长属于船员阵营，但是其为内鬼的同伙。\n内鬼获胜则叛变的市长一同获胜。
MadMayorIsCheckImpostorSetting,You can check the Impostor.,インポスターが確認できる,可以确认内鬼阵营玩家
MadMayorUseVentSetting,Use Vent,ベントを使える,可以进入管道
MadMayorVentMoveSetting,Move Vent,ベントで動ける,可以使用管道
MadMayorImpostorLightSetting,Impostor Light,インポスターの視界,拥有内鬼视野
MadMayorCheckImpostorTaskSetting,Amount of tasks that will be able to be checked (of all tasks),確認できるようになるタスク量（全タスク内）,叛变的市长确认内鬼阵营玩家需要完成的任务量
NiceHawkName,NiceHawk,ナイスホーク,鹰眼
NiceHawkTitle1,See it all.,全てを見渡せ,将一切尽收眼底
NiceHawkTitle2,Let's catch the crime.,犯行を捉えよう,把犯人抓个现行
BakeryName,Baker,パン屋,面包师
BakeryTitle1,Would you like some breads?,焼きたてのパンはいかが？,想来一点新出炉的面包吗？
BakeryExileText,Bakery baked some breads for crewmates.,パン屋によってパンが振舞われました。,面包师为船员烤了一些面包。
BakeryExileText2,Bakery baked YOKINGDELICIOUSSSSSSSSS!!!!,パン屋ｧｧﾉｫｫﾖｯｷﾝｸﾞﾍﾞｯﾋﾟﾝｲｰｴｰｴｯｸｽｵｲｼｲ,面硬加咸蔬菜加倍蒜末和油多多！（快住手，这根本不是面包）
MadStuntManName,MadStuntman,マッドスタントマン,叛变的杂技演员
MadStuntManTitle1,Prevent kills and connect with impostors.,キルを防いでインポスターと繋がろう,躲避攻击并想办法与内鬼勾结
MadStuntManDescription,Can prevent himself from being killed,自分自身へのキルを防ぐことが出来ます,叛变的杂技演员可以阻止对自己的击杀
MadStuntManUseVentSetting,UseVent,ベントを使える,可以使用管道
MadStuntManImpostorLightSetting,Impostor Light,インポスターの視界,拥有内鬼视野
MadHawkName,MadHawk,マッドホーク,叛变的鹰眼
MadHawkTitle1,See it all.,すべてを見渡そう,将一切尽收眼底
MadJesterName,MadJester,マッドてるてる,傀儡小丑
MadJesterTitle1,Get voted out and win with the Impostors!,投票で追放されてインポスターと勝利しよう,想办法被投出去，与内鬼一同获胜
MadJesterDescription,It is a crewmate decision. but it is in the Impostor camp. \nThe impostor wins by being expelled at the meeting.\nYou go for the gallows，climb up，tumbling down，tumbling down...\nFor I believe it will bring us glory...,クルーメイトの判定ですが、インポスター陣営です。\n会議で追放されることでインポスターの勝利になります。\n貴方は絞首台をめざす、のぼる、おちる。\nそれが我らの栄光につながると信じて。,规则上傀儡小丑被视为船员阵营，但其跟随内鬼阵营获胜。\n傀儡小丑被放逐则内鬼阵营获胜。\n你听到绞刑台正向你呼唤……你爬上去……垂下身躯……日渐西沉……\n而你在死前看到，这是无辜者们的落日。
FalseChargesName,FalseCharges,冤罪師,冤罪师
FalseChargesTitle1,Let the false accusations win!,冤罪をさせて勝利しよう,栽赃他人获取胜利
FalseChargesDescription,You can make the opponent who presses the button kill you. \nYou will win if the opponent you have killed is expelled by the conference.,ボタンを押した相手に自分をキルさせることができます。\nキルさせた相手が会議で追放されたら勝利できます、,冤罪师属于独立阵营。\n冤罪师的技能为可以让附近的其他玩家击杀自己。\n这个技能发动后的指定轮数之内，若击杀冤罪师的凶手被放逐，则冤罪师独自获胜。
FalseChargesExileTurn,Turn of the false accusation range,冤罪の範囲のターン,冤罪师栽赃后可以获胜的会议轮数
FalseChargesCoolTime,Cool Time,クールタイム,冤罪师栽赃冷却
FalseChargesButtonTitle,False Charge,冤罪,栽赃
NiceTeleporterName,Nice Teleporter,ナイステレポーター,正义的传送师
NiceTeleporterTitle1,Teleport and uncover impostors!,テレポートしてインポスターを暴こう,通过远距离传送揭开内鬼的真面目
NiceTeleporterCooldownSetting,Teleport cooldown,テレポートのクールダウン,传送冷却
CelebrityName,Celebrity,スター,大明星
CelebrityTitle1,A Celebrity for everyone!,みんなのスター！！,你的名字无人不知无人不晓！
CelebrityDescription,You can tell from all of them that you are the star.\nThere is also a setting that shines each time kill cool time elapses.\nHis presence illuminates the surroundings and gives hope.\nThe people around him cling to that hope. \nWithout thinking of the consequences of believing in him...,全員から自分がスターと分かります。\nスター存在時キルクールタイムが経過するたびに輝く設定もあります。\n彼の存在は周囲を照らし希望を与える。\n周囲は縋るその希望に。\n信じた結果齎す事など考えもせず・・・,所有人都可以确认大明星是谁。\n此外，根据房间设置，行动阶段，只要大明星存活，每当经过等同于内鬼通用击杀冷却的时间，所有人的屏幕将发出闪光。\n“——他宛若晨星照亮世间，带给我们生的希望\n他让身旁的人沐浴在希望的光芒下\n他身旁的人紧紧握住这份希望\n他们再无暇顾及对他的信任将要酿成的后果——”
CelebrityChangeRoleViewSetting,Name color will remain Celebrity even if the position changes.,役職が変わっても名前の色がスターのままになる,因他人技能导致职业变更不会影响大明星的效果
CelebrityIsTaskPhaseFlashSetting,During the task phase，does the screen light up every set number of seconds of kill time?,タスクフェイズ中、設定したキルクール秒数毎に画面を光らせるか。,行动阶段每过内鬼通用击杀冷却的时间时是否会出现屏幕闪光
CelebrityIsFlashWhileAlivingOnly,Does the screen glow only while it is alive?(Meeting Update),画面が光るのは生きている間のみか(会議更新)。,屏幕闪光是否只在大明星存活期间发生（会议阶段开始时判定）
NocturnalityName,Nocturnality,夜行性,夜猫子
NocturnalityTitle1,You live in darkness.,あなたは暗闇の中で生きている,昼伏夜出
NocturnalityDescription,The view during power outage and normal view are opposite.,停電中と通常の視界が反対になっています。,夜猫子属于船员阵营。\n夜猫子的正常视野与熄灯时视野相反。
ObserverName,Observer,選挙管理委員,窥视者
ObserverTitle1,Let's monitor everything.,すべてを監視しよう,监视一切吧
ObserverDescription,You can see where everyone is voting during the meeting.,会議中に全員の投票先を確認できます。,窥视者属于船员阵营。\n会议阶段，窥视者可以确认所有玩家的投票对象。
VampireName,Vampire,ヴァンパイア,吸血鬼
VampireTitle1,Terrorise the Night King.,夜の王に恐怖せよ,好想吸血吸到吐
VampireKillDelay,Kill Delay,キル遅延,击杀延迟
VampireViewBloodStainsTurn,Turn to see blood,血が見えるターン,血渍可见需要经过的回合数
VampireCanCreateDependents,Dependents can be nominated,眷属を指名可能,吸血鬼可以指定一名眷属
VampireCreateDependentsCoolTime,Cool time to nominate a Dependents member,眷属指名クールタイム,吸血鬼指定眷属冷却
VampireDependentsKillCoolTime,Kill cool time for dependents,眷属のキルクールタイム,眷属击杀冷却
VampireDependentsCanVent,Vent available for use by dependents,眷属がベント使用可能,眷属可以使用管道
VampireDependentsButtonName,make Dependents,眷属にする,眷属
DependentsName,Dependents,眷属,眷属
DependentsTitle1,Trapped in the Night.,夜に囚われし者,你也是吸血鬼了
DarkKillerName,DarkKiller,ダークキラー,暗夜杀手
DarkKillerTitle1,Let's kill in the dark,闇に紛れて殺そう,将你的杀戮隐藏于黑暗之中
DarkKillerKillCoolSetting,Dark Killer's Kill Cool Time,ダークキラーのキルクールタイム,暗夜杀手击杀冷却
FoxName,Fox,妖狐,妖狐
FoxTitle1,I am Fox!,私は狐です!,我是一只小狐狸！
SeerName,Seer,シーア,灵媒
SeerDescription,,死亡時刻や死亡場所を把握する事が可能な、死者に関わる情報を司る役職です。\n取得した情報を用いてインポスターを特定しましょう。,灵媒属于船员阵营，可以获知死亡时间与死亡场所，来获取与死亡有关的情报。\n灵媒需要利用手中的情报来确认内鬼。
SeerTitle1,You will see players die,船員の気配を感じ取ろう,你能感知死亡
SeerMode,Mode,モード,灵媒模式
SeerModeBoth,Show Death Flash + Souls,死の点滅＆幽霊が見える,显示死亡闪光和灵魂
SeerModeFlash,Show Death Flash,死の点滅が見える,显示死亡闪光
SeerModeSouls,Show Souls,幽霊が見える,显示灵魂
SeerLimitSoulDuration,Limit Soul Duration,時間経過で幽霊が消える,灵魂随时间的推移消失
SeerSoulDuration,Soul Duration,幽霊が見える時間,灵魂从出现到消失经过的时间
MadSeerName,MadSeer,マッドシーア,叛变的灵媒
MadSeerDescription,,死亡時刻や死亡場所を把握する事が可能な、死者に関わる情報を司る役職です。\n取得した情報を用いて村を陽動しましょう。,规则上叛变的灵媒被判定为船员阵营，但是其为内鬼的同伙。可以获知死亡时间与死亡场所，来获取与死亡有关的情报。\n叛变的灵媒需要利用手中的情报扰乱场上的局势。
MadSeerTitle1,Feel the success of your husband,ご主人の活躍を感じ取ろう,感知内鬼的行动
EvilSeerName,EvilSeer,イビルシーア,邪恶的灵媒
EvilSeerDescription,,死亡時刻や死亡場所を把握する事が可能な、死者に関わる情報を司る役職です。\n相方の行動を把握しサポートに回りましょう。,邪恶的灵媒属于内鬼阵营，可以获知死亡时间与死亡场所，来获取与死亡有关的情报。\n邪恶的灵媒需要利用手中的情报帮助同伙。
EvilSeerTitle1,You will see players die,船員の気配を感じ取ろう,你能感知死亡
RemoteSheriffName,Remote Sheriff,リモートシェリフ,超能警长
RemoteSheriffTitle1,Let's do a Remote Sheriff kill!,遠隔でシェリフキルをしよう,远距离进行执法
RemoteSheriffIsKillTeleportSetting,Kill Teleport,キルテレポート,击杀时传送到被击杀者所在位置
TeleportingJackalName,TeleportingJackal,テレポートジャッカル,狼族传送师
TeleportingJackalTitle1,Teleport and kill all crewmates and impostors!,テレポートして全員ぶち殺そう,传送并杀死所有人
MadMakerName,MadMaker,マッドメーカー,走狗
MadMakerTitle1,Let's get more lunatics!,狂人を増やそう！,让更多的人叛变
MadMakerSidekickButtonName,Solicitation,勧誘する,收买
DemonName,Demon,悪魔,恶魔
DemonTitle1,Curse the Crew and Help the Impostor!,クルーを呪いながらインポスターを手助けせよ,诅咒船员并协助内鬼
DemonIsAliveWinSetting,You have to be alive to win.,生存していないと勝利できない,恶魔存活才能获胜
DemonButtonName,Curse,呪う,诅咒
TaskManagerName,TaskManager,タスクマネージャー,代理人
TaskManagerTitle1,Finish the task and mount up!,タスクを終わらせ、マウントを取ろう,帮助他人完成所有任务
SeerFriendsName,SeerFriends,シーアフレンズ,狈族灵媒
SeerFriendsTitle1,Let's feel the activity of Jackal,ジャッカルの活躍を感じ取ろう,感知豺狼的行动
SeerFriendsDescription,,死亡時刻や死亡場所を把握する事が可能な、死者に関わる情報を司る役職です。\n取得した情報を用いて村を陽動しましょう。
JackalSeerName,SeerJackal,ジャッカルシーア,狼族灵媒
JackalSeerTitle1,Detect the dead and bring victory to your camp!,死者を感知し自陣営に勝利をもたらせ!,感知死亡，为豺狼带来胜利
JackalSeerDescription,,死亡時刻や死亡場所を把握する事が可能な、死者に関わる情報を司る役職です。\nインポスターの行動を把握し、利用しましょう。,狼族灵媒属于豺狼阵营，可以获知死亡时间与死亡场所，来获取与死亡有关的情报。\n狼族灵媒需要利用手中的情报确认内鬼行动并化为己用。
SidekickSeerName,Sidekick(Seer),サイドキック(シーア),狼族灵媒学徒
SidekickSeerTitle1,Let's help Jackal with the dead detection ability that we got,貰った死者感知能力でジャッカルを助けよう,用死亡感知能力来帮助豺狼
SidekickSeerDescription,,死亡時刻や死亡場所を把握する事が可能な、死者に関わる情報を司る役職です。\n取得した情報を用いて、親ジャッカルを守り、時には切り、貢献しましょう。,狼族灵媒学徒属于豺狼阵营，可以获知死亡时间与死亡场所，来获取与死亡有关的情报。\n狼族灵媒学徒需要利用手中的情报保护豺狼团队，帮助豺狼获得胜利。
AssassinAndMarlinName,<color=#ff0000>Assassin</color> and <color=#AFDFE4>Merine</color>,<color=#ff0000>アサシン</color>と<color=#AFDFE4>マーリン</color>,<color=#ff0000>阿</color>瓦<color=#AFDFE4>隆</color>
AssassinSettingPlayerCountName,Number of <color=#ff0000>Assassin</color>,<color=#ff0000>アサシン</color>の人数,<color=#ff0000>刺客</color>的人数
MarlinSettingPlayerCountName,Number of <color=#AFDFE4>Merine</color>,<color=#AFDFE4>マーリン</color>の人数,<color=#AFDFE4>梅林</color>的人数
AssassinName,Assassin,アサシン,刺客
AssassinTitle1,<color=#AFDFE4>Merine</color>Suppose you guessed it. let's turn the tables and win!,<color=#AFDFE4>マーリン</color>を当てて逆転勝利しよう,找出<color=#AFDFE4>梅林</color>来获得胜利
AssassinSucsess,was Marlin.,はマーリンだった,是梅林
AssassinFail,was not Marlin.,はマーリンではなかった,不是梅林
MarlinName,Merine,マーリン,梅林
MarlinTitle1,Let's not let <color=#ff0000>Assassin</color> find out.,<color=#ff0000>アサシン</color>にバレないようにしよう。,不要被<color=#ff0000>刺客</color>发现。
MarlinWhois,Who is Merine?,マーリンは誰だ？,谁是梅林？
ArsonistName,Arsonist,アーソニスト,纵火犯
ArsonistTitle1,Douse Douse burn,塗って塗って燃やせ,燃烧吧
ArsonistDurationTimeSetting,Douse Duration,塗り時間,纵火犯涂油所需时间
ArsonistDouseButtonName,Douse,塗る,涂油
ArsonistIgniteButtonName,Ignite,燃やす,点燃
ArsonistDescription,If you oil them all and burn them. you win alone.,油を全員に塗り燃やしたら単独勝利です。,纵火犯属于独立阵营。\n纵火犯给所有人涂油后按下点燃按钮则纵火犯独自获胜。
ChiefName,Chief,村長,警察局长
ChiefTitle1,Appoint a sheriff to help your crew.,シェリフを任命してクルーを助けよう,任命一位警长来帮助船员
ChiefSidekickButtonName,Appointment,任命する,任命
CleanerName,Cleaner,クリーナー,清理者
CleanerTitle1,Let's destroy the evidence!,証拠を隠滅しよう!,毁尸灭迹
CleanerButtonName,CleanButton,死体を消す!,清理
CleanerCooldownSetting,Cooldown,死体消しのクールダウン,清理冷却
MadCleanerName,MadCleaner,マッドクリーナー,清洁工
MadCleanerTitle1,Destroy the evidence and help impostors to win!,証拠を隠滅してインポスターを勝利に導こう!,毁尸灭迹帮助内鬼走向胜利
CleanerKillCoolTimeSetting,Kill Cooldown,クリーナーのキルクールダウン,击杀冷却
SamuraiName,Samurai,侍,武士
SamuraiTitle1,Let's cut through the crew!,クルーを切り裂こう!,只此一刀！
SamuraiKillCoolSetting,KillCoolTime,侍のキルクールダウン,武士击杀冷却
SamuraiSwordCoolSetting,AttackCoolTime,必殺技のクールダウン,武士拔刀斩冷却
SamuraiScopeSetting,SamuraiScope,必殺技が及ぶ範囲,武士拔刀斩范围
SamuraiButtonName,UseSword!,必殺技!,拔刀斩！
MayorFriendsName,MayorFriends,メイヤーフレンズ,狈族市长
MayorFriendsTitle1,Let's abuse our power at the meeting.,会議で権力を乱用しよう,在会议上滥用票权
MayorFriendsDescription,It is judged as Crewmate.\nBut is in the Jackal camp. Jackals can win if they win. MayorFriends is not recognized by Jackal.\nHelp Jackal so that the Jackal camp wins!,クルーメイトと判定されますが、ジャッカル陣営です。\nジャッカルが勝利すると、勝利できます。メイヤーフレンズはジャッカルからは分かりません。\nジャッカル陣営が勝利するようにジャッカルを助けましょう！。,狈族市长属于船员阵营，但是其为豺狼的同伙。\n豺狼团队获胜则狈族市长一同获胜。
VentMakerName,VentMaker,ベントメーカー,管道工
VentMakerTitle1,Let's make a vent!,ベントを作ろう！,挖掘管道
GhostMechanicName,GhostMechanic,亡霊整備士,亡灵工程师
GhostMechanicTitle1,Let's get rid of the loose ends that we couldn't fix the machine.,機械を治せなかった未練を解消しよう,弥补生前未能修好飞船的遗憾
GhostMechanicRepairLimitSetting,Number of times sabotage can be repaired,サボタージュ修復可能回数,可修复破坏次数
GhostMechanicButtonName,Repair,修復,修复
GhostMechanicCountText,GhostMechanic,残り{0}回,剩余{0}次

EvilHackerName,EvilHacker,イビルハッカー,骇客
EvilHackerTitle1,Hack to Win!,ハッキングして勝利しよう,黑入飞船获取胜利
CanMoveWhenUsesAdmin,Can be moved while using Admin,アドミン使用中に移動できる,可以在观看地图时移动
CreateMadmateSetting,Can Make a Madmate,マッドメイトを作れる,可以把一名玩家变成叛徒
CreateMadmateButton,Drive Mad,狂わせる,洗脑

PositionSwapperName,Position Swapper,ポジションスワッパー,念动使
PositionSwapperTitle1,Let's Swap crewmates.,位置交換で困惑させろ,移形换影迷惑他人
SettingPositionSwapperSwapCountName,Swapping limits,スワップ制限回数,念动使最大换位次数
SettingPositionSwapperSwapCoolTimeName,Swapping cooltime,スワップクールタイム,念动使换位冷却
PositionSwapperNumTextName,Limits:{0},残り{0}回,剩余{0}次
PositionSwapperButtonName,PositionSwap,スワップ,移位
PositionSwapperSwapText,Position swapper swapped you!,スワッパーによってスワップされました!,念动使交换了你的位置！
PositionSwapperSwapText2,Position swapper swapped you!\nby the way，ykundesu is delicious，isn't it?,スワッパーによってスワップされました!\nところでﾖｯｷﾝｸﾞﾍﾞｯﾋﾟﾝｲｰｴｯｸｽｵｲｼｲﾃﾞｽﾖﾈ,念动使交换了你的位置！\n（这里是个彩蛋，但我不知道写啥好，就祝看到它的你身体健康吧）
TunaName,Tuna,マグロ,铁华团团长
TunaTitle1,Always move!,常に動け！,不要停下来啊……
TunaStoppingTimeSetting,Stopping Time,止まれる時間,团长允许停下的最大时间
TunaAddWinSetting,Add Win,追加勝利,团长的胜利作为追加胜利而非单独胜利
BlackCatName,Black Cat,黒猫,叛变的猎人
BlackCatTitle1,Give your life for your master.,主人のために命を捧げよ,为内鬼献出生命
MafiaName,Mafia,マフィア,黑手党
MafiaTitle1,Let's avenge our fellow impostor,仲間の敵討ちをしよう,为同伴报仇
MafiaDescription,When all the impostors except Mafia are dead the kill will be possible.\nThe kill cool time will continue to advance while no kills are made.,マフィア以外のインポスターが全員死亡するとキルできるようになります。\nキルが出来ない間もキルクールタイムは進みます。,黑手党属于内鬼阵营。\n除黑手党以外的内鬼阵营玩家全部死亡后，黑手党才能进行击杀。\n无法击杀时，黑手党击杀冷却也会照常减少。
RecordsAdminDestroySetting,Cannot Use Archive Admin,アーカイブのアドミンを使用不可にする,无法使用管理地图
SpyName,Spy,スパイ,卧底
SpyTitle1,Deceive the Impostor and lead the Cluemate camp to victory!,インポスターを欺き、クルーメイト陣営を勝利に導こう,欺骗并找出内鬼，帮助船员取得胜利
SpyDescription,Spies are crewmates but they look like friends to the Impostor.\n Spies are crewmates and have no special abilities.,スパイはクルーメイトですが、インポスターからは仲間に見えます。\nスパイはクルーメイトであり、特別な能力はありません。,卧底属于船员阵营。\n在内鬼看来卧底属于内鬼阵营。\n卧底没有其他特殊能力。
SpecimenVitalSetting,Move Vital to specimen (polus),標本室にバイタルを移動する(ポーラス),波鲁斯(Polus)：将生命监测仪移动至样本室
CustomDownloadSuperNewNamePlates,Download custom hat,カスタムハットをダウンロードする,下载自定义帽子
KunoichiName,Kunoichi,クノイチ,女忍
KunoichiTitle1,Use your ninjutsu to deceive the village.,忍術を駆使して村を欺け,用你的忍术来欺骗村子
KunoichiCoolTime,Kunai Cool Time,クナイのクールタイム,女忍苦无冷却
KunoichiKillKunai,Number of kunai required for a kill,キルに必要なクナイ数,女忍进行击杀所需要的苦无数
KunoichiIsHide,Transparency,透明化,隐身
KunoichiHideTime,Time required for transparency,透明化に必要な時間,女忍隐身所需要的时间
KunoichiKunai,Kunai,クナイ,苦无
KunoichiHideKunai,Can throw kunai during invisibility.,透明化中にクナイを投げれる,女忍隐身时可以投掷苦无
KunoichiIsWaitAndPressTheButtonToHide,Transparency with a button,透明化をボタンで行う,女忍需要主动让自己隐身
SecretlyKillerName,Secretly Killer,シークレットリーキラー,暗杀者
SecretlyKillerTitle1,Please be quiet during the power outage.,停電中はお静かに,只有死人才能守住秘密
SettingCoolCharge,Same in kill buttons,キル時のクール同期,暗杀者技能与击杀同步冷却
SettingBlackoutCharge,Kill cool charge during power outage,停電中にクールをためる,暗杀者熄灯时可以加快冷却
SettingLimitName,Ability limit,制限回数,能力最大使用次数
SecretlyKillButtonName,Secretly\nKill,シークレットリー\nキル,暗杀
DoubleKillerName,DoubleKiller,ダブルキラー,双刀手
MainCoolTimeSetting,MainKillCooldown,メインキルボタンのクールダウン,双刀手主击杀冷却
SubCoolTimeSetting,SubKillCooldown,サブのキルボタンのクールダウン,双刀手副击杀冷却
DoubleKillerSaboSetting,DoubleKillerCanUseSabotage,ダブルキラーがサボを使えるか,双刀手可以破坏
SmasherName,Smasher,スマッシャー,粉碎者
KillCoolTimeSetting,KillCooldown,キルクールダウン,击杀冷却
DoubleKillerTitle1,Let's master the independent kill button!,独立したキルボタンを使いこなそう,掌握二刀流的力量
SmasherTitle1,Let's do continuous kills!,連続キルを行おう,唯快不破！
SuicideWisherName,Suicide Wisher,スーサイドウィッシャー‌,抑郁者
SuicideWisherTitle1,Let's just kill ourselves for now.,とりあえず自殺しよう,玉玉，不响丸辣，紫砂了
SuicideName,Suicide,自殺,自杀
NeetName,Neet,ニート,废柴
NeetTitle1,NeetLet others handle it.,他人に任せよう,今天也没什么干劲呢，明天再努力吧
FastMakerName,Fast Maker,ファストメーカー,洗脑师
FastMakerTitle1,Let's make Madmate with a light heart.,軽い気持ちでマッドメイトを作ろう,让船员背叛成为你的俘虏
FastMakerDescription,This role can create a Mad Mate with the first kill.,初手キルでマッドメイトを作成出来るインポスターです。
KillName,KILL,キル,击杀
JackalCreateFriendSetting,Can Create JackalFriends,ジャッカルフレンズを作れる,豺狼可以将一名玩家招募为狈
ToiletFanName,Toilet Fan,トイレファン,腹泻者
ToiletFanTitle1,A little faster...,少しでも早く...,要……要喷射了……
ToiletCooldownSetting,Toilet Cool Time,トイレクールタイム,腹泻者开门冷却
ToiletName,DoorOpen,ドア開放,开门
PolusrandomSpawn,RandomSpawn,ランダムスポーン,出生点随机
NotImpostorExiled,Not taking the Impostor off the road,インポスターを道連れにしない,不会连带内鬼阵营玩家死亡
NiceButtonerName,NiceButtoner,ナイスボタナー,正义的执钮人
NiceButtonerTitle1,Let&apos;s a start meeting.,会議を開始しよう,召开会议
EvilButtonerName,EvilButtoner,イビルボタナー,邪恶的执钮人
EvilButtonerTitle1,Let&apos;s a start meeting.,会議を開始しよう,召开会议
ButtonerCooldownSetting,Cooldown,クールタイム,执钮人技能冷却
ButtonerCountSetting,Number of uses,使用回数,执钮人技能最大使用次数
ButtonerButtonName,Meeting!,緊急会議！,召开
RevolutionistName,Revolutionist,革命家,革命家
RevolutionistTitle1,Let's start a revolution.,革命を起こそう,发起革命
DictatorName,Dictator,独裁者,独裁者
DictatorTitle1,Let's monopolize power,権力を独占しよう,掌握独裁的权力
RevolutionistAndDictatorName,<color=#FF0033>Revolutionist</color>And<color=#336600>Dictator</color>,<color=#FF0033>革命家</color>と<color=#336600>独裁者</color>,<color=#FF0033>大</color>革<color=#336600>命</color>
SettingRevolutionistPlayerCountName,Number of <color=#FF0033>Revolutionist</color>,<color=#FF0033>革命家</color>の人数,<color=#FF0033>革命家</color>人数
SettingDictatorPlayerCountName,Number of <color=#336600>Dictator</color>,<color=#336600>独裁者</color>の人数,<color=#336600>独裁者</color>人数
DictatorSubExile,When exiled， exile another player.,追放時、別のプレイヤーを追放する,独裁者被放逐时将随机选一名玩家代为放逐
DictatorSubExileLimit,Maximum number of substitutions,身代わりの最大回数,独裁者逃避放逐的最大次数
DictatorVoteCount,Dictatorial vote count,独裁者の票数,独裁者投票的等价票数
RevolutionCoolTime,revolutionary cool time,革命クールタイム,发起革命的冷却
RevolutionTouchTime,Revolutionary contact hours,革命家の接触時間,革命家发动革命所需的接触时间
RevolutionistAddWin,Additional Victories for Revolutionist,革命家の追加勝利,革命家获得追加胜利而非单独胜利
RevolutionistAddWinIsAlive,Additional victory only when alive,生存時のみ追加勝利,革命家仅在存活时获得追加胜利
RevolutionistButtonName,Up to revolutionary possible,革命可能まで,时机已到，今日起兵！
RevolutionistMeeting,Revolutionist Meeting,革命会議
SidekickFriendsName,SidekickFriends,サイドキックフレンズ,牧狼人
SidekickFriendsTitle1,Help Jackal.,ジャッカルを助けよう,帮助豺狼获得胜利
SidekickFriendsDescription,It is judged as Cluemate， but is in the Jackal camp.\nIf the jackal wins， it can win. Sidekick Friends can be found from Jackal.\nHelp Jackal so that the Jackal camp wins!,クルーメイトと判定されますが、ジャッカル陣営です。\nジャッカルが勝利すると、勝利できます。サイドキックフレンズはジャッカルからわかります。\nジャッカル陣営が勝利するようにジャッカルを助けましょう！。,规则上牧狼人被判定为船员阵营，但是其为豺狼的同伙。\n豺狼团队获胜则牧狼人一同获胜。\n豺狼能确认牧狼人是谁。牧狼人需要帮助豺狼以获得胜利。
SpelunkerName,Spelunker,スペランカー,倒霉蛋
SpelunkerTitle1,It's so easy to die.,簡単に死んでしまう,死亡如风，常伴吾身
SpelunkerVentDeathChance,Probability of vent death,ベント死の確率,倒霉蛋在管道口跌倒而死的概率
SpelunkerIsDeathCommsOrPowerdown,Power outage/community skipping death,停電/コミュサボ死,倒霉蛋会在照明或通讯破坏期间失足而死
SpelunkerDeathCommsOrPowerdownTime,Time to power outage/community sabotage death,停電/コミュサボ死までの時間,倒霉蛋在照明或通讯期间死亡需要经过的时间
SpelunkerLiftDeathChance,Probability of falling off the lift,昇降機リフトから転落する確率,倒霉蛋从移动平台掉下摔死的概率
SpelunkerDoorOpenChance,Probability of death from pinched fingers in door opening,ドア開けの指挟み死の確率,倒霉蛋开门时被门夹死的概率
HitmanName,Hitman,殺し屋,职业杀手
HitmanTitle1,Kill the designated person.,指定された人をキルせよ,听着，所谓杀手……
HitmanChangeTargetTime,Time for target to reset,ターゲットがリセットされる時間,职业杀手目标切换的所需时间
HitmanIsOutMission,If the mission cannot be accomplished， it will self-destruct.,任務が遂行できないと自爆する,职业杀手在若干次击杀失败后自杀
HitmanOutMissionLimit,Number of possible failures,失敗可能数,职业杀手可被允许的最大失败次数
HitmanWinKillCount,Number of missions performed required to win,勝利に必要な任務遂行数,职业杀手获胜需要的成功击杀次数
HitmanIsTargetArrow,Display arrow to target,ターゲットへ矢印を表示する,职业杀手可以通过箭头确认目标所在位置
HitmanUpdateTargetArrowTime,Interval to update arrows,矢印を更新する間隔,职业杀手箭头更新间隔时间
NunName,Nun,ぬーん,捣蛋鬼
NunTitle1,Nun,ぬーん,让大家用不了移动平台
NunButtonName,Nun,ぬーん,捣蛋
PsychometristName,Psychometrist,サイコメトラー,验尸官
PsychometristTitle1,Let's read the situation of the corpse.,死体の状況をよみとろう,通过尸体来搜寻线索
PsychometristReadTime,ReadTime,よみとり時間,验尸官验尸所需时间
PsychometristIsCheckDeathTime,Estimated time of death is available.,死亡推定時間がわかる,验尸官可以验得死亡时间
PsychometristDeathTimeDeviation,Maximum discrepancy in estimated time of death,死亡推定時刻の最大ズレ,验尸官验得的死亡时间的最大误差
PsychometristIsCheckDeathReason,I know the cause of death.,死因がわかる,验尸官可以验得死因
PsychometristIsCheckFootprints,I can see the killer's footprints.,犯人の足跡が見える,验尸官可以验得凶手的足迹
PsychometristCanCheckFootprintsTime,Time range within which footprints can be traced,足跡が追跡可能な時間範囲,凶手足迹可被探测的最大范围
PsychometristIsReportCheckedDeadBody,You can report it even after reading it.,よみとった後でも通報できる,被验尸官验尸后的尸体仍然可以被报告
PsychometristButtonName,reading,よみとり,验尸
SeeThroughPersonName,SeeThroughPerson,透視者,目击者
SeeThroughPersonTitle1,Witness the decisive moment!,決定的瞬間を目撃しよう,透过门缝目击决定性的瞬间
MatryoshkaName,Matryoshka,マトリョーシカ,恐怖套娃
MatryoshkaTitle1,Cloak the corpse and move the corpse.,死体をまとって死体を移動させよう,把尸体做成套娃
MatryoshkaWearLimit,Number of times you can wear it,纏える回数,恐怖套娃最大套娃次数
MatryoshkaAddKillCoolTime,Increased kill-cool time time for corpse coats,死体まといの増加キルクールタイムタイム,恐怖套娃每次套娃追加的击杀冷却
MatryoshkaWearReport,can be called in while the body is still circled,まとい中でも通報可能,恐怖套娃可以在套娃状态下报告
MatryoshkaWearTime,Coiling time,まとえる時間,恐怖套娃套娃持续时间
MatryoshkaPutOnButtonName,Put On,着る,套娃
MatryoshkaTakeOffButtonName,Take Off,脱ぐ,解除
StefinderName,Stefinder,ステファインダー,二五仔
StefinderTitle1,Let's do one crime.,一回だけ犯罪しよう,那么答案只有一个了！
StefinderKillCooldownSetting,KillCooldown,キルクールダウン,二五仔击杀冷却
StefinderVentSetting,CanUseVent,ベントを使用できる,二五仔可以使用管道
StefinderSaboSetting,CanUseSabotage,サボタージュを使用できる,二五仔可以造成破坏
StefinderSoloWinSetting,SoloWin,単独勝利,二五仔可以单独获胜
PartTimerName,PartTimer,フリーター,打工仔
PartTimerTitle1,If you want a part-time job...!,バイトするなら…！ ,打工人，打工魂，打工都是人上人！
PartTimerDeathTurn,Number of turns to die from unbited status,未バイトの状態から死亡するターン数,无业状态下打工仔穷死经过的回合数
PartTimerIsCheckTargetRole,I can see your part-time position.,バイト先の役職が見える,打工仔可以确认打工对象的职业
PartTimerButtonName,PartTime,バイト,打工
PainterName,Painter ,ペインター,油漆匠
PainterTitle1,Follow the traces of paint,絵具の痕跡をたどろう,通过油漆痕迹获得信息
PainterIsTaskComplateFootprint,Leave a trace when completing a task,タスク完了時痕跡を残す,目标完成任务后会留下油漆痕迹
PainterIsSabotageRepairFootprint,Leave a trace when repairing a sabotage,サボタージュ修復時痕跡を残す,目标修复紧急破坏后会留下油漆痕迹
PainterIsInVentFootprint,Leave a trace when entering a vent,ベントに入った時痕跡を残す,目标进入管道后会留下油漆痕迹
PainterIsExitVentFootprint,Leave a trace when exiting a vent,ベントから出た時痕跡を残す,目标离开管道后会留下油漆痕迹
PainterIsCheckVitalFootprint,Leave a trace when checking vitals,バイタルチェック時痕跡を残す,目标观看生命监测仪后会留下油漆痕迹
PainterIsCheckAdminFootprint,Leave a trace when administering,アドミン時痕跡を残す,目标观看管理地图后会留下油漆痕迹
PainterIsDeathFootprint,Leave a trace of the place of death,死亡場所の痕跡を残す,目标死亡后会留下油漆痕迹
PainterIsDeathFootprintBig,Increase the size of the trace at the place of death,死亡場所の痕跡を大きくする,目标死亡后留下的油漆痕迹变大
PainterIsFootprintMeetingDestroy,Trace disappears at meeting,痕跡が会議で消える,油漆痕迹在会议结束后消失
PainterButtonName,Paint,ペイント,油漆
PainterIsTaskCompleteFootprint,Leave traces when tasks are completed,タスク完了時に痕跡を残す,完成任务后会留下油漆痕迹
FinderName,Finder,ファインダー,接头人
FinderTitle1,Get to know your peers.,仲間を知ろう,与叛徒取得联系
FinderCheckMadmateSetting,Number of confirmed kills,確認できるキル数,接头人确认叛徒需要进行的击杀次数
PhotographerName,Photographer,写真屋,摄影师
PhotographerTitle1,Let's capture everyone on camera!,みんなの姿をカメラに収めよう ,茄~子！
PhotographerIsBonus,Bonuscooltime is valid,ボーナスクールタイムが有効,摄影师一次拍摄多名玩家可以缩减冷却
PhotographerBonusCount,Number of people to be photographed that will be Bonuscooltime.,ボーナスクールタイムになる撮影人数,摄影师缩减冷却需要拍摄的人数
PhotographerBonusCoolTime,Bonus Cool Time,ボーナスクールタイム,摄影师一次拍摄多名玩家后的缩减冷却
PhotographerIsImpostorVision,Impostor view,インポスターの視界,摄影师拥有内鬼视野
PhotographerIsNotification,Notification of Shooting,撮影の通知,摄影将会被告知给被拍摄玩家
PhotographerButtonName,Take a picture,撮影する,摄影
TacticianName,Tactician,戦術家,战术家
SluggerName,Slugger,スラッガー,击球手
SluggerTitle1,Lets’ Harisen Kill!,ハリセンでキルしよう,用全垒打把其他人击飞
SluggerChargeTime,Charge Time,チャージ時間,击球手充能时间
SluggerIsMultiKill,Range kill possible,範囲キル可能,击球手可以大范围击杀
SluggerButtonName,Harisen,ハリセン,挥棒
SatsumaAndImoName,SatsumaAndImo,さつまといも,人格分裂者
SatsumaAndImoTitle1,Madmate And Crewmate,マッドメイト & クルーメイト,是我疯了，还是大家都疯了？
SatsumaAndImoTitle2,Betray and betray.,手のひらをくるくる返そう
ShiftActorName,Shift Actor,シフトアクター,模仿犯
ShiftActorTitle1,Let's play it out perfectly,完璧に演じ切ろう,我会比你更像你自己
CanWatchAttribute,Can watch attribute,重複役職を見れる,模仿犯可以确认模仿对象的附加职业
RightChance,Probability of Success,成功確率
ShiftActorText1,'s role is,の役職は,的职业是
ShiftActorText2,.,です,。
MadRolesCanFixComms,Mad roles can fix comms sabotage,マッド役職がコミュサボを治せる,叛徒阵营玩家可以修理通讯破坏
MadRolesCanFixElectrical,Mad roles can fix electrical sabotage,マッド役職が停電を治せる,叛徒阵营玩家可以修理照明破坏
MadRolesCanVentMove,Mad roles can vent move,マッド役職がベント移動できる,叛徒阵营玩家可以在管道间移动
DoppelgangerName,Doppelganger,ドッペルゲンガー,二重身
DoppelgangerTitle1,\It seems that if you'll meet myself， you're dead\,同じ顔の人に出会うと死んじゃうんだって,“听说了吗，人在命不久矣的时候会见到另一个自己”
DoppelgangerDescription,Doppelgangers can ShapeShift.\nIf a ShapeShifted target is killed during ShapeShift，the Kill Cool  is shorter.\nIf，instead，a non-shapeShifted target is killed or a non-shapeShifted target is killed，the Kill Cool will be longer.,ドッペルゲンガーはシェイプシフトができます\nシェイプシフトをした状態で、シェイプシフトの変身先をキルするとキルクールが短くなります。\nシェイプシフトの変身先以外をキルしたり、シェイプシフトをしない状態でキルすると、キルクールが長くなってします。,二重身可以化形。\n化形状态下的二重身击杀自己的化形对象后，二重身的下一次击杀冷却缩短。\n若二重身在化形状态下击杀了自己化形对象以外的玩家，或者在未化形的状态下进行击杀，下一次击杀冷却将延长。
DoppelgangerDurationTimeSetting,Shapeshift Duration,シェイプシフトの持続時間,二重身化形持续时间
DoppelgangerCooldownSetting,Shapeshift Cooldown,シェイプシフトのクールタイム,二重身化形冷却
DoppelgangerSucTimeSetting,Kill Cool Time on Success,成功時のキルクール,二重身成功击杀化形对象后的击杀冷却
DoppelgangerNotSucTimeSetting,Kill Cool Time on Failur,失敗時のキルクール,二重身没能成功击杀后的击杀冷却
DoppelgangerButtonName,ShapeShift,シェイプシフト,化形
DoppelgangerDurationTimerText,{0} seconds left to deactivate.,解除まで{0}秒,{0}秒后解除化形
WaveCannonName,Wave Cannon,波動砲,重炮手
WaveCannonTitle1,Use the cannon and get the kill!,大砲を使用し、キルしよう,看我把你们一个个轰上天！
WaveCannonChargeTime,Charge Time,チャージ時間,充能所需时间
WaveCannonButtonName,Wave Cannon,波動砲,开炮
IsSyncKillCoolTime,Synchronize cool time with normal kills,通常キルとクールタイムを同期,冷却与通用击杀同步冷却
WaveCannonJackalName,Wave Cannon Jackal,波動砲ジャッカル,狼族重炮手
WaveCannonJackalTitle1,Use the cannon and get the kill!,大砲を使用し、キルしよう,看我把你们一个个轰上天！
CrackerName,Cracker,クラッカー,神隐者
CrackerTitle1,Let's crack on and play God!,クラックして神隠しをしよう,让他人神隐
CrackerIsAdminView,Counted by Admins,アドミンにカウントされる,被神隐玩家可以在地图上被观测到
CrackerIsVitalsView,Counted in Vitals,バイタルにカウントされる,被神隐玩家可以在生命监测装置上被观测到
CrackerOneTurnSelectCount,Number of times you can crack in one turn,1ターン内にクラックできる回数,神隐者每轮可以神隐的人数
CrackerAllTurnSelectCount,Number of times you can crack during a match,試合中にクラックできる回数,神隐者每局游戏可以神隐的人数
CrackerIsSelfNone,Cracks are unrecognizable to the cracker,クラック者はクラックを認識できない,神隐者无法识别被神隐的玩家
CrackerButtonName,Crack!!!,クラック,神隐
CamouflagerName,Camouflager,カモフラージャー,隐蔽者
CamouflagerTitle1,Let's hide in the crowd.,人混みに隠れよう,隐匿于人群之中
CamouflagerCoolTimeSetting,Camouflage Cooltime,カモフラージュのクールタイム,隐蔽者隐蔽冷却
CamouflagerDurationTimeSetting,Camouflage Duration,カモフラージュの持続時間,隐蔽者隐蔽持续时间
CamouflagerCamouflageArsonistSetting,Arsonists can still see mark while activating their skill,アーソニストがカモフラージュ中に塗った人がわかる,纵火犯不受隐蔽者技能影响
CamouflagerCamouflageDemonSetting,Demon can still see mark while activating their skill,悪魔がカモフラージュ中に呪った人がわかる,恶魔不受隐蔽者技能影响
CamouflagerCamouflageLoversSetting,Lovers can still see mark while activating their skill,ラバーズがカモフラージュ中に相方がわかる,恋人不受隐蔽者技能影响
CamouflagerCamouflageQuarreledSetting,Quarreled can still mark while activating their skill,クラードがカモフラージュ中に相方がわかる,福音天使不受隐蔽者技能影响
CamouflagerCamouflageChangeColorSetting,Change the color of camouflage,カモフラージュ中の色を変更する,自定义隐蔽色
CamouflagerCamouflageColorSetting,Camouflage color,カモフラージュ中の色,隐蔽色
CamouflagerButtonName,Camouflager,カモフラージュ,隐蔽
PavlovsdogsName,Pavlov's dogs,パブロフの犬,巴甫洛夫的狗
PavlovsownerName,Pavlov's owner,パブロフのオーナー,巴甫洛夫
PavlovsdogsTitle1,Let us be of service.,お役に立ってみせましょう,我好想做巴甫洛夫先生的狗啊
PavlovsownerTitle1,Be my dog!,私の犬になりなさい！,狗中毒.mp3
PavlovsownerCreateDogCoolTime,Side Kick Cool Time,サイドキックのクールタイム,技能冷却
PavlovsownerCreateDogLimit,Number of times a side kick can be made in one match,1試合内にサイドキックできる回数,巴甫洛夫每局游戏可以驯化狗的次数
PavlovsownerIsTargetImpostorDeath,Self-destruct if the opponent is an Impostor,相手がインポスターだと自爆する,巴甫洛夫在尝试驯化内鬼为狗的场合自杀
PavlovsdogIsImpostorView,Pavlov's dog has a view of the impostor,パブロフの犬がインポスターの視界,巴甫洛夫的狗拥有内鬼视野
PavlovsdogRunAwayKillCoolTime,Coold time when out of control,暴走時のクールタイム,巴甫洛夫的狗发狂时的击杀冷却
PavlovsdogRunAwayDeathTime,Self-destruct time when out of control,暴走時の自爆タイム,巴甫洛夫的狗发狂时的自杀时限
PavlovsdogRunAwayDeathTimeIsMeetingReset,Reset self-destruct time in a meeting,会議で自爆タイムをリセットする,会议后重置巴甫洛夫的狗的自杀时限
PavlovsTeamWinText,Pavlov's dog and owner,パブロフの犬とオーナー,巴甫洛夫团队
PavlovsownerCreatedogButtonName,stenciling,刷り込み,驯化
KnightName,Knight,騎士,骑士
KnightTitle1,I will protect you according to my beliefs.,我が信念に沿って護衛しよう,举起正义之盾
KnightDescription,During the conference phase，you can put up a shield to prevent one kill by using the protect button. If the protection is successful，a successful protection announcement will be played at the beginning of the next meeting phase.,会議フェイズ中に護衛ボタンを使用する事で、キルを一回防ぐシールドを張ることができます。 設定により護衛が成功した際、次の会議フェイズ開始時に護衛成功アナウンスが流れます。,会议阶段，骑士可以选择一名玩家，阻挡一次那名玩家在会议上遭受的击杀。根据房间设置，骑士守护成功的下一轮会议上，所有玩家可以收到骑士守护成功的信息。
KnightCanAnnounceOfProtected,Play an announcement when the protection is successful?,護衛成功時にアナウンスを流すか,骑士守护成功后通知所有玩家
KnightSetTheUpperLimitOfTheGuarding,Do you want to set a limit on the number of protections?,護衛回数に上限を設けるか,骑士守护次数有上限
KnightMaximumNumberOfTimes,Maximum number of times protection is possible.,護衛上限回数,骑士每轮游戏最大守护次数
TheKnightProtected,The knight's protection was successful.,騎士の護衛が成功しました。,骑士成功护卫了一名玩家。
KnightProtectButton,Protect,護衛,保护
WerewolfName,Werewolf,人狼,狼人
WerewolfTitle1,Let's kill a villager!,村人をキルしよう,杀害村民
ConnectKillerName,ConnectKiller,コネクトキラー,浊化行者
ConnectKillerTitle1,Lets’ Connect!,通信サボタージュでベントを繋げよう,趁通讯破坏在管道间穿行
NekoKabochaName,NekoKabocha,ネコカボチャ,复仇者
NekoKabochaTitle1,Let me take you on the road.,道連れを起こそう,杀人偿命
KillCooldown,KillCooldown,キルクールダウン,击杀冷却
CanRevengeCrewmate,Can take crewmates on the road,クルーメイトを道連れ可,复仇者可以连带船员阵营玩家
CanRevengeImpostor,Can take Impostor on the road,インポスターを道連れ可,复仇者可以连带内鬼阵营玩家
CanRevengeNeutral,Can take a third camp,第三陣営を道連れ可,复仇者可以连带独立阵营玩家
CanRevengeExiled,Can take a crewmate in exile,追放で道連れ可,复仇者被放逐时可以连带一名玩家
GMName,GM,GM,管理员
GMTitle1,You are Game Master,あなたはゲームマスター,你是管理员
GMTeleport,Teleport,テレポート,传送
GMKill,Kill,キル,击杀
GMRevive,Revive,復活,复活
GMExile,Exile(No Deadbody Kill),追放(死体なしキル),放逐
GMCleanDeadbody,Clean Deadbody,死体削除,清理
GMStartMeeting,Start Meeting,会議開始,会议
GMCleanDeadbodyAndRevive,Clean Deadbody And Revive,死体を削除して復活,清理尸体并复活
GMSpawnDeadBody,Spawn Deadbody,死体発生,生成尸体
GMEndMeeting,End Meeting,会議終了,结束会议
SuicidalIdeationName,Suicidal ideation,自殺願望者,绝望先生
SuicidalIdeationTitle1,Finding no hope for life,生きる希望を見いだせない,找寻活着的意义
SuicidalIdeationWinTextSetting,Special Victory Letters,特殊勝利文字,绝望先生拥有特殊胜利文本
SuicidalIdeationTimeLeftSetting,Time Increased by Doing Tasks,自殺までの時間,绝望先生自杀倒计时
SuicidalIdeationAddTimeLeftSetting,Time to suicide,タスクをすると増える時間,绝望先生完成一个任务后倒计时的增量
SuicidalIdeationFallProbabilitySetting,Probability of falling to death,転落死の確率,绝望先生摔死的概率
SuicidalIdeationWinText,Try to live a little longer\nSuicidal person,もう少し生きてみようかな\n自殺願望者,再见，绝望先生！\n绝望先生
SuicidalIdeationButtonName,Time to suicide,自殺まで,自杀倒计时
CupidName,Cupid,キューピット,丘比特
CupidTitle1,Let's tie the red thread of fate,運命の赤い糸を結ぼう,牵起命运的红线
CupidButtonName,Shoot the love arrows,恋の矢,爱之箭
HamburgerShopName,Hamburger Shop,ハンバーガー屋,汉堡店店主
HamburgerShopTitle1,Let's make delicious，tasty burgers!,美味しい美味しいハンバーガーを作ろう,做出美味的汉堡
HamburgerShopTitle2,Let's make lots of burgers!,ハンバーガーをたくさん作ろう,做出一大堆汉堡
HamburgerShopTitle3,Hamburger is Delicious,ハンバーガー is デリシャス,汉堡能够让我们创造出奇迹，我是汉堡的忠实拥护者
HamburgerShopChangeTaskPrefab,Replace all tasks with hamburger tasks,全タスクをハンバーガータスクに置き換える,汉堡店店主的所有任务替换为做汉堡任务
PenguinName,Penguin,ペンギン,绑匪
PenguinTitle1,Let's drag and kill!,ぺちぺち！,绑架他人
PenguinButtonName,Abduction,拉致,绑架
PenguinCanDefaultKill,Can default kill,通常キルができる,绑匪可以进行通常击杀
LoversBreakerName,LoversBreaker,爆ぜ師,FFF团
LoversBreakerTitle1,fulfilling life explosion!!fulfilling life explosion!!,リア充爆発！！リア充爆発！！,现充去死！现充爆炸！
LoversBreakerBreakCount,Number of explosions needed to win,勝利に必要な爆破数,FFF团获胜所需击杀的恋人数
LoversBreakerIsDeathWin,You can win even if you are dead.,死亡していても勝利できる,FFF团死亡状态下也能获胜
LoversBreakerButtonName,Blow up,爆破,爆杀现充！
JumboName,Jumbo,ジャンボ,巨无霸
JumboTitle1,Wow!?Jumbo!!!,ワオ、ジャンボ！！！,怎么你们都这么小？
NiceJumboName,NiceJumbo,ナイスジャンボ,正义的巨无霸
NiceJumboTitle1,Big Crewmate Team!!!,大きいクルーメイトの味方,船员中的大块头
EvilJumboName,EvilJumbo,イビルジャンボ,邪恶的巨无霸
EvilJumboTitle1,Let's overwhelm the crew with the size of this thing.,この大きさでクルーを圧倒しよう,用庞大的身躯征服飞船
JumboCrewmateChance,Probability of being a NiceJumbo,ナイスジャンボになる確率,巨无霸生成为船员阵营的概率
JumboMaxSize,Maximum size,最大サイズ,巨无霸最大体型
JumboSpeedUpSize,Growth speed,成長スピード,巨无霸变大速度
JumboWalkSoundSize,Loudness of footsteps,足音の大きさ,巨无霸脚步声音量
DebuggerName,Debugger,デバッガー,调试员
DebuggerButtonName,Debug,デバッグ,调试
Functions,Functions,基本操作,基础操作
PlayerControl,Player control,プレイヤー操作,玩家操作
StartMeeting,Start meeting,緊急会議,召开紧急会议
ShowRole,Show role,役職を表示,显示职业
DeShowRole,Cancel show role,役職を非表示,取消显示职业
Teleport,Teleport,テレポート,传送
ReportDeadbody,Report deadbody,通報,报告
Exile,Exile,追放,放逐
Kill,Kill,キル,击杀
Revive,Revive,蘇生,复活
CleanDeadbody,Clean deadbody,死体掃除,清理
SetRole,Set role,役職付与,职业赋予
Crewmate,Crewmate,クルーメイト,船员
Impostor,Impostor,インポスター,内鬼
WorshiperName,Worshiper,崇拝者,狂信徒
WorshiperTitle1,If I can help them，I will spare my life.,あなた方の力になれるのなら 私の命など惜しくはない。,为主人献上自己的生命
WorshiperDescription,It has two self-determination abilities.\nIt commits suicide on the spot by using the Shapeshift when SHR and the [Suicide] ability when SNR.\nBy using the kill button，it commits suicide in the form of a sheriff misfire.\nAha，master. My will is yours and my life is for yours...\nCome，master. Let us fulfill that desire.,2つの自決能力を持ちます。\nSHR時はシェイプシフト、SNR時は[自決]能力を使用する事で、その場で自殺します。\nキルボタンを使用する事でシェリフ誤爆のような形で自殺します。\n嗚呼、ご主人。私の意思は貴方の物であり、私の命は貴方の為にあるのです・・・\nさあ、ご主人その願望をかなえましょう。,狂信徒开局获得两个自杀能力。\n通过按下“化形”键（SHR）或“自杀”键（SNR），狂信徒可以在任意地点自杀。\n通过按下“击杀”键，狂信徒可以进行类似警长走火的自杀。\n主啊。我将为您献上我的意志，我将为您献上我的生命……\n来吧，主人，我将实现您的“那个”目标……
WorshiperAbilitySuicideCoolTime,Suicide coold time setting with ability buttons.,アビリティボタンによる自決のクールタイム設定,任意自杀的冷却
WorshiperKillSuicideCoolTime,Suicide coold time setting with kill buttons.,キルボタンによる自決のクールタイム設定,类似走火自杀的冷却
WorshiperSuicide,Suicide,自決,自杀
SafecrackerName,Safecracker,金庫破り,盗贼
SafecrackerTitle1,Open the safe， get the ability and win!,金庫を開けて、能力と勝利を手に入れよう,偷窃保险箱，获取能力并夺得胜利
SafecrackerDescription,By opening the vault， you can acquire various abilities.\nIt grants you a kill guard， an exiled guard， vent， etc.\nOpen the safe to the end and win the game.,金庫を開けることで、様々な能力を取得することが出来ます。\nキルガードや追放ガード、ベントなどが付与されます。\n金庫を最期まで開け、勝利を手に入れましょう。,通过打开保险库，盗贼可以获得各种能力，\n如击杀保护、放逐保护、使用管道等等。\n不断打开保险库来获得胜利。
NotAbility,None,なし,无
SafecrackerKillGuardTaskSetting,Amount of tasks to be able to kill guard (of all tasks),キルガードが出来るようになるタスク量(全タスク内),盗贼获得击杀保护需要打开的保险库数
SafecrackerMaxKillGuardCountSetting,Kill guard max count,キルガードできる回数,击杀保护次数
SafecrackerExiledGuardTaskSetting,Amount of tasks to be able to be able to exiled guard (of all tasks),追放ガードが出来るようになるタスク量(全タスク内),盗贼获得放逐保护需要打开的保险库数
SafecrackerMaxExiledGuardCountSetting,Exiled guard max count,追放ガードできる回数,放逐保护次数
SafecrackerUseVentTaskSetting,Amount of tasks for which the vent will be available (of all tasks),ベントが使用可能になるタスク量(全タスク内),盗贼获得使用管道能力需要打开的保险库数
SafecrackerUseSaboTaskSetting,Amount of tasks for which sabotage will be available (of all tasks),サボタージュが使用可能になるタスク量(全タスク内),盗贼获得破坏能力需要打开的保险库数
SafecrackerIsImpostorLightTaskSetting,Amount of tasks for become an Imposter's field of view (of all tasks),インポスターの視界になるタスク量(全タスク内),盗贼获得内鬼视野需要打开的保险库数
SafecrackerCheckImpostorTaskSetting,Amount of tasks that will allow you to check the Imposter (of all tasks),インポスターを確認できるようになるタスク量(全タスク内),盗贼确认内鬼玩家需要打开的保险库数
SafecrackerChangeTaskPrefabSetting,Replace all tasks with unlock safe tasks,全タスクを金庫タスクに置き換える,盗贼的全部任务替换为解锁保险库的任务
FireFoxName,Fier Fox,炎狐,烈焰狐
FireFoxTitle1,I am Fier Fox!,私は炎狐です！,吾乃火之化身！
FireFoxDescription,It is a Fox that has been given a kill button instead of a kill guard.\nThe number of kills is limited and only certain camps can be killed.\nIf you press the kill button for a player who is not in the killable camp， your kill count will decrease without a kill.\nThink about who to kill and contribute to the Fox's victory.,キルガードの代わりにキルボタンを与えられた妖狐です。\nキル回数は制限されており、特定の陣営のみキル可能です。\nキル可能陣営以外にキルボタンを押してしまうと、キルせずにキル回数のみ減ってしまいます。\n誰をキルするか考え、妖狐の勝利に貢献しましょう。,烈焰狐在狐妖的基础上失去了击杀保护能力，转而获得击杀能力。\n烈焰狐的击杀有次数限制，且只能击杀特定阵营的玩家。\n如果烈焰狐尝试击杀一名其不能击杀的玩家，那次击杀无效。\n仔细思考自己要击杀的玩家，作为狐妖获得胜利。
FireFoxCanKillCrewmateSetting,Can kill the crewmate camp,クルーメイト陣営をキルできる,可以击杀船员阵营玩家
FireFoxCanKillImpostorSetting,Can kill the imposter camp,インポスター陣営をキルできる,可以击杀内鬼阵营玩家
FireFoxCanKillNeutralSetting,Can kill the third camp,第三陣営をキルできる,可以击杀独立阵营玩家
FireFoxCanKillLoversSetting,Can kill the lovers,ラバーズをキルできる,可以击杀恋人
FireFoxIsCheckFoxSetting,You can check the fox,妖狐を視認できる,可以确认妖狐是谁
SquidName,Squid,イカ,乌贼娘
SquidTitle1,Use ink to survive.,墨を使って生き延びろ,喷出乌贼墨来躲避击杀
SquidTitle2,Let's use ink to get away with it.,墨を使って逃げ切ろう,不是要杀我吗？
SquidDescription,You can be on alert for a certain period of time.\nIf you are about to be killed while on alert， you can prevent the kill， take away your opponent's vision， and increase your own movement speed for a certain period of time.,一定時間警戒することが出来ます。\n警戒中にキルされそうになると、そのキルを防ぎ相手の視界を奪い、一定時間自身の移動速度が上昇します。,乌贼娘使用技能后会进入警戒状态。\n若有玩家尝试击杀警戒状态下的乌贼娘，那次击杀无效，那名玩家的视野暂时缩小，乌贼娘自身的速度在一定时间内上升。
SquidCoolTimeSetting,Cool time for vigilance mode,警戒モードのクールタイム,乌贼娘警戒冷却
SquidDurationTimeSetting,Duration of vigilance mode,警戒モードの持続時間,乌贼娘警戒持续时间
SquidBoostSpeedSetting,Movement speed on successful counters,カウンター成功時の移動速度,乌贼娘反击成功后的移动速度
SquidBoostSpeedTimeSetting,Time to increase movement speed on successful counters,カウンター成功時の移動速度が上がる時間,乌贼娘反击成功后移动速度提升持续时间
SquidNotKillTimeSetting,Time when no kills can be made on successful counters,カウンター成功時のキルが出来ない時間,乌贼娘反击成功后乌贼娘不能被击杀
SquidDownVisionSetting,Field of vision when vision is deprived,視界が奪われたときの視野,乌贼娘影响下的玩家视野
SquidObstructionTimeSetting,Time to take away the view,視界を奪う時間,玩家视野受乌贼娘影响的持续时间
SquidButtonName,Vigilance,警戒,警戒
DyingMessengerName,Dying Messenger,遺言伝達者,入殓师
DyingMessengerTitle1,Will and testament， we will tell you.,遺言、お伝え致します,为生者传达死者的遗言
DyingMessengerDescription,When you are able to report a kill within a certain amount of time after the kill.\nYou can get the information of the killers of the dead body you reported.\nGet the information and contribute to the victory of the crew's camp.,キルされてから一定時間内で通報できた時に、\n通報した死体のキル者の情報を取得することが出来ます。\n情報を取得し、クルー陣営の勝利に貢献しましょう。,如果入殓师在出现击杀后一定时间内报告玩家的尸体，\n入殓师将会得到有关这次击杀的凶手的信息。\n入殓师需要利用获得的信息帮助船员阵营获胜。
DyingMessengerGetRoleTimeSetting,Time to read the roll of the killers from the corpse,死体からキル者の役職を読み取れる時間,报告获得凶手职业所需死亡间隔时间
DyingMessengerGetLightAndDarkerTimeSetting,Time to read the light and darker colors of the kill from the corpse,死体からキル者の色の明暗を読み取れる時間,报告获得凶手颜色深浅所需死亡间隔时间
DyingMessengerFirstPerson1,me,私,我
DyingMessengerFirstPerson2,me,僕,我
DyingMessengerGetRoleText,The role of the person who killed {0} was {1}.,{0}をキルした人の役職は{1}でした。,把{0}杀害的人是一名{1}。
DyingMessengerGetLightAndDarkerText,The person who killed {0} had {1} color.,{0}をキルした人の色は{1}色でした。,把{0}杀害的人是{1}色的。
WiseManName,WiseMan,賢者,贤者
WiseManTitle1,Protect your crew with a large shield.,大きい盾でクルーを守ろう,用神圣之盾保护船员
WiseManButtonName,Sacred Barrier,聖なるバリア,神圣之盾
NiceMechanicName,NiceMechanic,ナイスメカニック,正义的迁管工
NiceMechanicTitle1,Leave it to me to maintain this boat!,この船の整備はお任せあれ！,改造飞船上的管道
EvilMechanicName,EvilMechanic,イビルメカニック,邪恶的迁管工
EvilMechanicTitle1,I will convert this ship to my liking.,この船を私好みに改造してやろう,尝试将管道改造得对自己有利
MechanicButtonName,Relocate.,移設,改造
TheThreeLittlePigsName,The Three Little Pigs,3匹の仔豚,三只小猪
TheFirstLittlePigName,The First Little Pig,1番目の仔豚,猪老大
TheSecondLittlePigName,The Second Little Pig,2番目の仔豚,猪老二
TheThirdLittlePigName,The Third Little Pig,3番目の仔豚,猪老三
TheFirstLittlePigTitle1,House， keep us safe!,家を作って狼から身を守ろう,盖出保护自己的房子
TheSecondLittlePigTitle1,House， keep us safe!,家を作って狼から身を守ろう,盖出保护自己的房子
TheThirdLittlePigTitle1,House， keep us safe!,家を作って狼から身を守ろう,盖出保护自己的房子
TheThreeLittlePigsTaskSetting,Assign tasks separately,別にタスクを割り当てる,单独分配任务数
TheFirstLittlePigClearTaskSetting,Percentage of tasks required for The first little pig to complete the house,1番目の仔豚が家を完成させるのに必要なタスクの割合,猪老大盖出房子需要的任务进度
TheFirstLittlePigIsCustomTimerSetting,Set the timer for The first little pig,1番目の仔豚のタイマーを設定する,猪老大盖房子有时间限制
TheFirstLittlePigCustomTimerSetting,The first little pig timer,1番目の仔豚のタイマー,猪老大盖房子的时间限制
TheSecondLittlePigClearTaskSetting,Percentage of tasks required for The second little pig to complete the house,2番目の仔豚が家を完成させるのに必要なタスクの割合,猪老二盖出房子需要的任务进度
TheSecondLittlePigManGuardMaxCountSetting,Number of times The second little pig can be guarded,2番目の仔豚がガードできる回数,猪老二盖好房子后可以抵挡的击杀次数
TheThirdLittlePigClearTaskSetting,Percentage of tasks required for The third little pig to complete the house,3番目の仔豚が家を完成させるのに必要なタスクの割合,猪老三盖出房子需要的任务进度
TheThirdLittlePigCounterKillSetting,Number of times The third little pig can be countered,3番目の仔豚がカウンターできる回数,猪老三盖好房子后可以反杀的次数
OrientalShamanName,Oriental Shaman,陰陽師,阴阳师
OrientalShamanTitle1,Where this ship will end up is beyond where the stars lead us.,この船の行く末は星が導くその先に,群星指引着这艘飞船的终末…
OrientalShamanDescription,They possess a variety of abilities necessary for survival.\nInstead， can't fix sabotage.\nIf you survive to the end， you win alone.,生き抜くために必要な様々な能力を持っています。\n代わりにサボタージュは直せません。\n最後まで生き残ると単独勝利します。,阴阳师属于独立阵营，拥有各种能力，需要存活来获得胜利。\n阴阳师不能修复紧急破坏。\n阴阳师存活到游戏结束则独自获胜。
OrientalShamanImpostorVisionSetting,Make Oriental shaman the imposter vision,陰陽師をインポスターの視界にする,阴阳师拥有内鬼视野
OrientalShamanVentUseCoolTimeSetting,Cool time for Oriental shaman's vent,陰陽師のベントのクールタイム,阴阳师使用管道冷却
OrientalShamanVentDurationTimeSetting,Duration of Oriental shaman's vent,陰陽師のベントの持続時間,阴阳师允许使用管道的持续时间
OrientalShamanCrewTaskWinHijackSetting,You can hijack a task victory,タスク勝利を乗っ取れる,阴阳师的胜利优先于船员完成任务获胜
OrientalShamanWinTaskSetting,Oriental shaman was clear task win,タスクを完了しないと勝利できない,阴阳师不完成所有任务就不能获胜
OrientalShamanCreateShermansServantSetting,Sherman's servant can be appointed,式神を指名出来る,阴阳师可以招募一名式神
OrientalShamanCreateShermansServantCoolSetting,Sherman's servant nomination cool time,式神指名のクールタイム,指名式神冷却
OrientalShamanShermansServantButtoonName,Nominate Sherman's servant,式神指名,指名式神
ShermansServantName,Sherman's Servant,式神,式神
ShermansServantTitle1,This body is for my Lord,この身は我が主のために有り,此身为吾主所有
ShermansServantDescription,It is a sidekick to the Oriental shaman.\nIt is possible to transform into the form of an Oriental shaman.\nThe Sherman's servant is basically judged as a crew， so take advantage of this to protect the Oriental shaman.,陰陽師のサイドキックです。\n陰陽師の姿に変身することが出来ます。\n式神は基本的にクルーと判定されるので、それを生かして陰陽師を守りましょう。,式神由阴阳师招募而出现。\n式神可以化形为阴阳师。\n式神会被判定为船员阵营，需要保护阴阳师。
ShermansServantTransformationCoolTimeSetting,Sherman's servant's transformation cool time,式神の変身クールタイム,式神化形冷却
ShermansServantSuicideCoolTimeSetting,Sherman's servant suicide cool time,式神の自決クールタイム,式神自杀冷却
ShermansServantTransformationButtonName,Metamorphosis,変身,化形

#ConfigRoles
IsNotUsingBlood,Make the blood expression black.,血液表現を黒にする,和谐血液显示
IsLightAndDarker,Show light and darker,明暗を表示する,显示颜色深浅

# Other
WelcomeMessage1,Welcome to SuperNewRoles!,SuperNewRolesへようこそ！,欢迎游玩Super New Roles（超新职业）！
WelcomeMessage2,You can play a variety of modes and different hard on any model with SuperNewRoles!,SuperNewRolesを使用することで、様々なモードや様々な役職をどの機種でも遊べます！,您可以在超新职业体验各种不同的模式和职业！
WelcomeMessage3,Please visit the official wiki for a detailed description of the roles and modes!,役職やモードの詳しい説明については公式wikiを御覧ください！,有关模式和职业的详细描述请查看汉化组职业介绍！
WelcomeMessage4,SuperNewRoles Official Wiki,SuperNewRoles公式Wiki:,超新职业职业介绍:
WelcomeMessage5,https://wikiwiki.jp/amas-snr(Japanese),https://wikiwiki.jp/amas-snr,https://amonguscn.club（中文），https://wikiwiki.jp/amas-snr（日文）
WelcomeMessage6,You will get the information if you run the command.,コマンドを実行して、情報を取得できます。,你可以通过输入命令来获取信息。
WelcomeMessage7,Send this command if you want to see a list of commands.,コマンド一覧を表示するにはこのコマンドを送信してください。,发送此命令以获取命令列表信息。
WelcomeMessage8,[/commands] or [/cmd],/commands 又は /cmd,/commands 或者 /cmd
CommandsMessage0,Commands in the command list:\n() are also possible.\nIt is not case sensitive.,コマンド一覧:\n()の中にあるコマンドでも可能です。\n大文字と小文字は区別されません。,命令列表:\n也可以发送()中的命令。\n不区分大小写。
CommandsMessage1,/commands (/cmd) : \nDisplays a list of commands. (This command.),/commands (/cmd) : \nコマンド一覧を表示します。(このコマンドです),/commands (/cmd) : \n显示命令列表。(当前命令)
CommandsMessage2,/version (/v) : \nShow SuperNewRoles Version.,/version (/v) ：\nバージョンを表示します。,/version (/v) ： \n显示模组版本号。
CommandsMessage3,/discord (/dc) : \nShow the link to the Official Discord.,/discord (/dc) ：\n公式Discordへのリンクを表示します。,/discord (/dc) ： \n显示指向官方的Discord的链接。
CommandsMessage4,/twitter (/tw) : \nShow the link to the Official Twitter.,/twitter (/tw) ：\n公式Twitterと開発状況Twitterへのリンクを表示します。,/twitter (/tw) ： \n显示指向官方Twitter和开发状态Twitter的链接。
CommandsMessage5,/GetInRoles (/gr) ： Displays all activate roles.(Send to all player when you're hosts.),/GetInRoles (/gr) ： \n入っているすべての役職を表示します。(ホストの場合は全員に送信します),/GetInRoles (/gr) ： \n显示所有激活的职业。(如果你是主持人将推送给房间内所有玩家)
CommandsMessage6,/GetInRoles myplayer ([/gr mp] or [/gr myp]) : \nDisplays all activate roles only you.(Send only to yourself even if you are the host.),/GetInRoles myplayer (/gr mp もしくは /gr myp) ： \n入っているすべての役職を表示します。(ホストでも自分のみに送信します),/GetInRoles myplayer (/gr mp 或者 /gr myp) ： \n显示所有激活的职业，仅自己可见。
CommandsMessage7,/AllRoles (/ar) : \nDisplays all activate roles' description and settings.(Send to all player when you're hosts.)\nTransmitted at 1.5 second intervals.,/AllRoles (/ar) ： \n入っている全役職の説明と設定が確認できます。\n(ホストが実行すると全員に送信します)\n1.5秒間隔で送信されます。,/AllRoles (/ar) ： \n显示所有激活职业的职业描述和设置。\n(如果你是主持人将推送给房间内所有玩家)\n每1.5秒发送一个。
CommandsMessage8,/AllRoles [transmission interval] (/ar [transmission interval]): \nAdditional transmission intervals can be specified for /AllRoles.,/AllRoles [送信間隔] (/ar [送信間隔]) ： \n/AllRolesに+で送信間隔を指定できます。,/AllRoles [发送间隔] (/ar [发送间隔]) ： \n你可以在/AllRoles后添加指定发送间隔时间
CommandsMessage9,/AllRoles [send interval] myplayer (/ar [send interval] (mp or myp)): \nAdd to /AllRoles [send interval] and send only to yourself even if you are the host.,/AllRoles [送信間隔] myplayer (/ar [送信間隔] (mp もしくは myp)) ： \n/AllRoles [送信間隔]に+で、ホストでも自分のみに送信されます。,/AllRoles [发送间隔] myplayer (/ar [发送间隔] (mp 或者 myp)) ： \n你可以在/AllRoles [发送间隔]后添加指令发送，仅自己可见。
CommandsMessage10,/SaveLog or /sl [string to be attached to file name]：\nSave logs up to the present time in SuperNewRoles/SaveLogFolder.\nYou can arbitrarily change a part of the file name.\nIt can be used even if the string part is not described (/sl，etc. by itself).,/SaveLog 又は /sl + [ファイル名につけたい文字列] ： \nSuperNewRoles/SaveLogFolderに現時点までのログを保存します。\nファイル名の一部を任意で変更できます。\n文字列部分を記載しなくとも(/sl等単体でも)使用可能です。,/SaveLog或/sl + [与文件名对应的字符串]:\n将当前日志保存到默认为SuperNewRoles/SaveLogFolder的文件夹中。\n您可以重命名该文件夹。\n也可以不在指令后输入字符串来使用。
SNROfficialDiscordMessage,Come here to visit the official SuperNewRoles Discord server.,SuperNewRoles公式Discordサーバーはこちらから:,SuperNewRoles官方Discord服务器：
SNROfficialTwitterMessage,Come here to visit the official SuperNewRoles Twitter Accounts.,SuperNewRoles公式Twitterはこちらから,在这里关注超新职业官方Twitter
TwitterOfficialLink,Official Account : https://twitter.com/SuperNewRoles,公式アカウント：https://twitter.com/SuperNewRoles,官方Twitter：https://twitter.com/SuperNewRoles
TwitterDevLink,Development Information Account : https://twitter.com/SNRDevs,開発情報アカウント：https://twitter.com/SNRDevs,开发状况Twitter：https://twitter.com/SNRDevs
Team,Team,陣営,阵营
MessageSettings,Settings,設定,设置
NowRolesMessage,Activate Roles,現在入っている役職,当前激活的职业
NotAssign,This is the mode in which no roles are assigned.,役職が選出されないモードに設定されています。,目前还没有激活任何职业。
MyRoleErrorNotGameStart,This command cannot be used because the game is not in progress.,ゲーム中でない為、このコマンドは使用できません。
MyRoleErrorSHRMode,This command is not available in SHR mode.,SHRモードではこのコマンドは使用できません。
TeamMessage,【Team:{0}】,【{0}陣営】,【{0}阵营】
NameIncludeMod,You cannot make a room public contains mod in your name.,modが名前に含まれている状態では公開部屋にすることはできません。,不能在昵称里有“mod”时将房间状态设置为公开。
CannotUseRenameMessage,Cannot rename.\nThe /rename command can only be used on\navailable only when hosted.,名前を変更することができません。\n/renameコマンドは\nホスト時のみ使用可能です。,无法重命名。\n/rename命令仅房主可用。
betatext1,\nThis is a beta version! Watch out for bugs!,\nベータ版です! バグには注意してください!,这是测试版本。请注意是否有bug。
betatext2,\n~Information for developers~,\n～開発者用の情報～,\n~开发者信息~
ExitExperimentEsc,Exit from the experiment with Esc.,Escで実験から抜ける,按Esc键退出测试
Experimenting...,Experimenting...,実験中...,测试中...
StartExperiment,Start experiment,実験を開始する,开始测试
Processing,Processing...,処理中...,处理中...
SuccessfulExperiment,Successful Experiment,実験成功,测试成功

# Agartha
Agartha_WareHouse,WareHouse,倉庫,仓库
Agartha_ToolRoom,ToolRoom,工具室,工具室
Agartha_WorkRoom,WorkRoom,仕事場,工坊
AgarthaName,Agartha,アガルタ,雅各泰
AgarthaRandomSpawnIsFirstSpawn,Applies to first spawn.,初スポーンにも適用される,只在游戏开始时随机出生
AgarthaRandomSpawnIsAddSpawnWay,Add spawn to the road,道へのスポーンを追加する,在通道上增加随机出生点
